Input,Parameters,Intent
"Book a flight from New Delhi to New York, departing on December 20, 2024, and returning on January 5, 2025. It's for one adult, born on March 7, 1998. My name is RD Singh, and my contact email is jnnj@gmail.com. My phone number is +1 9144471153.","{""originLocationCode"": ""DEL"", ""destinationLocationCode"": ""JFK"", ""departureDate"": ""2024-12-20"", ""returnDate"": ""2025-01-05"", ""adults"": 1, ""max"": 5, ""travelers_details"": [{""dateOfBirth"": ""1998-03-07"", ""name"": {""firstName"": ""RD"", ""lastName"": ""SINGH""}, ""gender"": ""MALE"", ""contact"": {""emailAddress"": ""jnnj@gmail.com"", ""phones"": [{""deviceType"": ""MOBILE"", ""countryCallingCode"": ""1"", ""number"": ""9144471153""}]}, ""id"": ""1""}]}",flight
"I need to book a round-trip flight for myself from Mumbai to London. I'll leave on January 10, 2025, and come back on January 25, 2025. My name is Aditi Sharma, born on February 15, 1995. My email is aditi.sharma@example.com, and my phone number is +44 7712345678.","{""originLocationCode"": ""BOM"", ""destinationLocationCode"": ""LHR"", ""departureDate"": ""2025-01-10"", ""returnDate"": ""2025-01-25"", ""adults"": 1, ""max"": 5, ""travelers_details"": [{""dateOfBirth"": ""1995-02-15"", ""name"": {""firstName"": ""Aditi"", ""lastName"": ""Sharma""}, ""gender"": ""FEMALE"", ""contact"": {""emailAddress"": ""aditi.sharma@example.com"", ""phones"": [{""deviceType"": ""MOBILE"", ""countryCallingCode"": ""44"", ""number"": ""7712345678""}]}, ""id"": ""1""}]}",flight
"I'd like to book a flight for two people from Bengaluru to Paris. We want to leave on March 5, 2025, and return on March 20, 2025. My details: Aryan Gupta, born on July 12, 1990. The second traveler is Maya Patel, born on August 18, 1992. Contact email is aryan.gupta@email.com, and my phone number is +91 9876543210.","{""originLocationCode"": ""BLR"", ""destinationLocationCode"": ""CDG"", ""departureDate"": ""2025-03-05"", ""returnDate"": ""2025-03-20"", ""adults"": 2, ""max"": 5, ""travelers_details"": [{""dateOfBirth"": ""1990-07-12"", ""name"": {""firstName"": ""Aryan"", ""lastName"": ""Gupta""}, ""gender"": ""MALE"", ""contact"": {""emailAddress"": ""aryan.gupta@email.com"", ""phones"": [{""deviceType"": ""MOBILE"", ""countryCallingCode"": ""91"", ""number"": ""9876543210""}]}, ""id"": ""1""}, {""dateOfBirth"": ""1992-08-18"", ""name"": {""firstName"": ""Maya"", ""lastName"": ""Patel""}, ""gender"": ""FEMALE"", ""contact"": {""emailAddress"": ""aryan.gupta@email.com"", ""phones"": [{""deviceType"": ""MOBILE"", ""countryCallingCode"": ""91"", ""number"": ""9876543210""}]}, ""id"": ""2""}]}",flight
"I need a hotel in Paris from January 10 to January 15, 2025, for two adults. Please use INR as the currency. The travelers are Anjali Sharma (born July 3, 1990) and Raj Verma (born March 20, 1992). Contact: 9000567393, anjani@gmail.com","{""originLocationCode"": """", ""destinationLocationCode"": ""PAR"", ""departureDate"": ""2025-01-10"", ""returnDate"": ""2025-01-15"", ""adults"": 2, ""max"": 5, ""originCurrencyCode"": ""INR"", ""travelers_details"": [{""dateOfBirth"": ""1990-07-03"", ""name"": {""firstName"": ""Anjali"", ""lastName"": ""Sharma""}, ""gender"": ""FEMALE"", ""contact"": {""emailAddress"": ""anjani@gmail.com"", ""phones"": [{""deviceType"": ""MOBILE"", ""countryCallingCode"": ""1"", ""number"": ""9000567393""}]}, ""id"": ""1""}, {""dateOfBirth"": ""1992-03-20"", ""name"": {""firstName"": ""Raj"", ""lastName"": ""Verma""}, ""gender"": ""MALE"", ""contact"": {""emailAddress"": ""anjani@gmail.com"", ""phones"": [{""deviceType"": ""MOBILE"", ""countryCallingCode"": ""1"", ""number"": ""9000567393""}]}, ""id"": ""2""}]}",hotel
"Book a trip from LAX to HND departing on 2025-02-12 and returning on 2025-09-07. Travelers: Sarah Lee, Sarah Lee. Contact email: john.doe@example.com. Phone: 5555555555.","{""originLocationCode"": ""LAX"", ""destinationLocationCode"": ""HND"", ""departureDate"": ""2025-02-12"", ""returnDate"": ""2025-09-07"", ""adults"": 2, ""max"": 5, ""travelers_details"": [{""dateOfBirth"": ""2025-05-21"", ""name"": {""firstName"": ""Sarah"", ""lastName"": ""Lee""}, ""gender"": ""FEMALE"", ""contact"": {""emailAddress"": ""john.doe@example.com"", ""phones"": [{""deviceType"": ""MOBILE"", ""number"": ""5555555555""}]}, ""id"": ""1""}, {""dateOfBirth"": ""2025-05-21"", ""name"": {""firstName"": ""Sarah"", ""lastName"": ""Lee""}, ""gender"": ""FEMALE"", ""contact"": {""emailAddress"": ""john.doe@example.com"", ""phones"": [{""deviceType"": ""MOBILE"", ""number"": ""5555555555""}]}, ""id"": ""2""}]}",trip
"Book a trip from BLR to LHR departing on 2025-11-10 and returning on 2025-12-12. Travelers: Emily Johnson, Emily Johnson, Emily Johnson. Contact email: john.doe@example.com. Phone: 1234567890.","{""originLocationCode"": ""BLR"", ""destinationLocationCode"": ""LHR"", ""departureDate"": ""2025-11-10"", ""returnDate"": ""2025-12-12"", ""adults"": 3, ""max"": 5, ""travelers_details"": [{""dateOfBirth"": ""2025-11-08"", ""name"": {""firstName"": ""Emily"", ""lastName"": ""Johnson""}, ""gender"": ""FEMALE"", ""contact"": {""emailAddress"": ""john.doe@example.com"", ""phones"": [{""deviceType"": ""MOBILE"", ""number"": ""1234567890""}]}, ""id"": ""1""}, {""dateOfBirth"": ""2025-11-08"", ""name"": {""firstName"": ""Emily"", ""lastName"": ""Johnson""}, ""gender"": ""FEMALE"", ""contact"": {""emailAddress"": ""john.doe@example.com"", ""phones"": [{""deviceType"": ""MOBILE"", ""number"": ""1234567890""}]}, ""id"": ""2""}, {""dateOfBirth"": ""2025-11-08"", ""name"": {""firstName"": ""Emily"", ""lastName"": ""Johnson""}, ""gender"": ""FEMALE"", ""contact"": {""emailAddress"": ""john.doe@example.com"", ""phones"": [{""deviceType"": ""MOBILE"", ""number"": ""1234567890""}]}, ""id"": ""3""}]}",trip
"Book a trip from LAX to PAR departing on 2025-02-16 and returning on 2025-12-13. Travelers: Raj Verma, Raj Verma, Raj Verma. Contact email: emily.johnson@example.com. Phone: 9876543210.","{""originLocationCode"": ""LAX"", ""destinationLocationCode"": ""PAR"", ""departureDate"": ""2025-02-16"", ""returnDate"": ""2025-12-13"", ""adults"": 3, ""max"": 5, ""travelers_details"": [{""dateOfBirth"": ""2025-06-06"", ""name"": {""firstName"": ""Raj"", ""lastName"": ""Verma""}, ""gender"": ""FEMALE"", ""contact"": {""emailAddress"": ""emily.johnson@example.com"", ""phones"": [{""deviceType"": ""MOBILE"", ""number"": ""9876543210""}]}, ""id"": ""1""}, {""dateOfBirth"": ""2025-06-06"", ""name"": {""firstName"": ""Raj"", ""lastName"": ""Verma""}, ""gender"": ""FEMALE"", ""contact"": {""emailAddress"": ""emily.johnson@example.com"", ""phones"": [{""deviceType"": ""MOBILE"", ""number"": ""9876543210""}]}, ""id"": ""2""}, {""dateOfBirth"": ""2025-06-06"", ""name"": {""firstName"": ""Raj"", ""lastName"": ""Verma""}, ""gender"": ""FEMALE"", ""contact"": {""emailAddress"": ""emily.johnson@example.com"", ""phones"": [{""deviceType"": ""MOBILE"", ""number"": ""9876543210""}]}, ""id"": ""3""}]}",trip
Book a itinerary from BLR to CDG departing on 2025-01-09 and returning on 2025-09-28. Travelers: Raj Verma. Contact email: john.doe@example.com. Phone: 1234567890.,"{""originLocationCode"": ""BLR"", ""destinationLocationCode"": ""CDG"", ""departureDate"": ""2025-01-09"", ""returnDate"": ""2025-09-28"", ""adults"": 1, ""max"": 5, ""travelers_details"": [{""dateOfBirth"": ""2025-09-16"", ""name"": {""firstName"": ""Raj"", ""lastName"": ""Verma""}, ""gender"": ""MALE"", ""contact"": {""emailAddress"": ""john.doe@example.com"", ""phones"": [{""deviceType"": ""MOBILE"", ""number"": ""1234567890""}]}, ""id"": ""1""}]}",itinerary
"Book a hotel from JFK to SIN departing on 2025-02-13 and returning on 2025-07-25. Travelers: Sarah Lee, Sarah Lee. Contact email: john.doe@example.com. Phone: 5555555555.","{""originLocationCode"": ""JFK"", ""destinationLocationCode"": ""SIN"", ""departureDate"": ""2025-02-13"", ""returnDate"": ""2025-07-25"", ""adults"": 2, ""max"": 5, ""travelers_details"": [{""dateOfBirth"": ""2025-01-18"", ""name"": {""firstName"": ""Sarah"", ""lastName"": ""Lee""}, ""gender"": ""FEMALE"", ""contact"": {""emailAddress"": ""john.doe@example.com"", ""phones"": [{""deviceType"": ""MOBILE"", ""number"": ""5555555555""}]}, ""id"": ""1""}, {""dateOfBirth"": ""2025-01-18"", ""name"": {""firstName"": ""Sarah"", ""lastName"": ""Lee""}, ""gender"": ""FEMALE"", ""contact"": {""emailAddress"": ""john.doe@example.com"", ""phones"": [{""deviceType"": ""MOBILE"", ""number"": ""5555555555""}]}, ""id"": ""2""}]}",hotel
Book a itinerary from BOM to DPS departing on 2025-01-14 and returning on 2025-08-11. Travelers: John Doe. Contact email: emily.johnson@example.com. Phone: 1234567890.,"{""originLocationCode"": ""BOM"", ""destinationLocationCode"": ""DPS"", ""departureDate"": ""2025-01-14"", ""returnDate"": ""2025-08-11"", ""adults"": 1, ""max"": 5, ""travelers_details"": [{""dateOfBirth"": ""2025-02-10"", ""name"": {""firstName"": ""John"", ""lastName"": ""Doe""}, ""gender"": ""MALE"", ""contact"": {""emailAddress"": ""emily.johnson@example.com"", ""phones"": [{""deviceType"": ""MOBILE"", ""number"": ""1234567890""}]}, ""id"": ""1""}]}",itinerary
"Book a trip from SFO to SIN departing on 2025-01-12 and returning on 2025-03-15. Travelers: Jane Smith, Jane Smith, Jane Smith. Contact email: john.doe@example.com. Phone: 1234567890.","{""originLocationCode"": ""SFO"", ""destinationLocationCode"": ""SIN"", ""departureDate"": ""2025-01-12"", ""returnDate"": ""2025-03-15"", ""adults"": 3, ""max"": 5, ""travelers_details"": [{""dateOfBirth"": ""2025-05-15"", ""name"": {""firstName"": ""Jane"", ""lastName"": ""Smith""}, ""gender"": ""FEMALE"", ""contact"": {""emailAddress"": ""john.doe@example.com"", ""phones"": [{""deviceType"": ""MOBILE"", ""number"": ""1234567890""}]}, ""id"": ""1""}, {""dateOfBirth"": ""2025-05-15"", ""name"": {""firstName"": ""Jane"", ""lastName"": ""Smith""}, ""gender"": ""FEMALE"", ""contact"": {""emailAddress"": ""john.doe@example.com"", ""phones"": [{""deviceType"": ""MOBILE"", ""number"": ""1234567890""}]}, ""id"": ""2""}, {""dateOfBirth"": ""2025-05-15"", ""name"": {""firstName"": ""Jane"", ""lastName"": ""Smith""}, ""gender"": ""FEMALE"", ""contact"": {""emailAddress"": ""john.doe@example.com"", ""phones"": [{""deviceType"": ""MOBILE"", ""number"": ""1234567890""}]}, ""id"": ""3""}]}",trip
"Book a trip from BLR to PAR departing on 2025-03-28 and returning on 2025-09-15. Travelers: Raj Verma, Raj Verma, Raj Verma. Contact email: john.doe@example.com. Phone: 9876543210.","{""originLocationCode"": ""BLR"", ""destinationLocationCode"": ""PAR"", ""departureDate"": ""2025-03-28"", ""returnDate"": ""2025-09-15"", ""adults"": 3, ""max"": 5, ""travelers_details"": [{""dateOfBirth"": ""2025-10-08"", ""name"": {""firstName"": ""Raj"", ""lastName"": ""Verma""}, ""gender"": ""FEMALE"", ""contact"": {""emailAddress"": ""john.doe@example.com"", ""phones"": [{""deviceType"": ""MOBILE"", ""number"": ""9876543210""}]}, ""id"": ""1""}, {""dateOfBirth"": ""2025-10-08"", ""name"": {""firstName"": ""Raj"", ""lastName"": ""Verma""}, ""gender"": ""FEMALE"", ""contact"": {""emailAddress"": ""john.doe@example.com"", ""phones"": [{""deviceType"": ""MOBILE"", ""number"": ""9876543210""}]}, ""id"": ""2""}, {""dateOfBirth"": ""2025-10-08"", ""name"": {""firstName"": ""Raj"", ""lastName"": ""Verma""}, ""gender"": ""FEMALE"", ""contact"": {""emailAddress"": ""john.doe@example.com"", ""phones"": [{""deviceType"": ""MOBILE"", ""number"": ""9876543210""}]}, ""id"": ""3""}]}",trip
"Book a flight from SYD to PAR departing on 2025-11-27 and returning on 2025-12-23. Travelers: Jane Smith, Jane Smith. Contact email: jane.smith@example.com. Phone: 1234567890.","{""originLocationCode"": ""SYD"", ""destinationLocationCode"": ""PAR"", ""departureDate"": ""2025-11-27"", ""returnDate"": ""2025-12-23"", ""adults"": 2, ""max"": 5, ""travelers_details"": [{""dateOfBirth"": ""2025-02-01"", ""name"": {""firstName"": ""Jane"", ""lastName"": ""Smith""}, ""gender"": ""MALE"", ""contact"": {""emailAddress"": ""jane.smith@example.com"", ""phones"": [{""deviceType"": ""MOBILE"", ""number"": ""1234567890""}]}, ""id"": ""1""}, {""dateOfBirth"": ""2025-02-01"", ""name"": {""firstName"": ""Jane"", ""lastName"": ""Smith""}, ""gender"": ""MALE"", ""contact"": {""emailAddress"": ""jane.smith@example.com"", ""phones"": [{""deviceType"": ""MOBILE"", ""number"": ""1234567890""}]}, ""id"": ""2""}]}",flight
"Book a trip from SFO to DPS departing on 2025-02-23 and returning on 2025-11-26. Travelers: Michael Brown, Michael Brown, Michael Brown. Contact email: emily.johnson@example.com. Phone: 1234567890.","{""originLocationCode"": ""SFO"", ""destinationLocationCode"": ""DPS"", ""departureDate"": ""2025-02-23"", ""returnDate"": ""2025-11-26"", ""adults"": 3, ""max"": 5, ""travelers_details"": [{""dateOfBirth"": ""2025-04-04"", ""name"": {""firstName"": ""Michael"", ""lastName"": ""Brown""}, ""gender"": ""FEMALE"", ""contact"": {""emailAddress"": ""emily.johnson@example.com"", ""phones"": [{""deviceType"": ""MOBILE"", ""number"": ""1234567890""}]}, ""id"": ""1""}, {""dateOfBirth"": ""2025-04-04"", ""name"": {""firstName"": ""Michael"", ""lastName"": ""Brown""}, ""gender"": ""FEMALE"", ""contact"": {""emailAddress"": ""emily.johnson@example.com"", ""phones"": [{""deviceType"": ""MOBILE"", ""number"": ""1234567890""}]}, ""id"": ""2""}, {""dateOfBirth"": ""2025-04-04"", ""name"": {""firstName"": ""Michael"", ""lastName"": ""Brown""}, ""gender"": ""FEMALE"", ""contact"": {""emailAddress"": ""emily.johnson@example.com"", ""phones"": [{""deviceType"": ""MOBILE"", ""number"": ""1234567890""}]}, ""id"": ""3""}]}",trip
"Book a itinerary from BOM to CDG departing on 2025-07-05 and returning on 2025-07-24. Travelers: Emily Johnson, Emily Johnson. Contact email: jane.smith@example.com. Phone: 9876543210.","{""originLocationCode"": ""BOM"", ""destinationLocationCode"": ""CDG"", ""departureDate"": ""2025-07-05"", ""returnDate"": ""2025-07-24"", ""adults"": 2, ""max"": 5, ""travelers_details"": [{""dateOfBirth"": ""2025-04-24"", ""name"": {""firstName"": ""Emily"", ""lastName"": ""Johnson""}, ""gender"": ""MALE"", ""contact"": {""emailAddress"": ""jane.smith@example.com"", ""phones"": [{""deviceType"": ""MOBILE"", ""number"": ""9876543210""}]}, ""id"": ""1""}, {""dateOfBirth"": ""2025-04-24"", ""name"": {""firstName"": ""Emily"", ""lastName"": ""Johnson""}, ""gender"": ""MALE"", ""contact"": {""emailAddress"": ""jane.smith@example.com"", ""phones"": [{""deviceType"": ""MOBILE"", ""number"": ""9876543210""}]}, ""id"": ""2""}]}",itinerary
"Book a trip from DEL to PAR departing on 2025-07-20 and returning on 2025-09-18. Travelers: Anjali Sharma, Anjali Sharma, Anjali Sharma. Contact email: emily.johnson@example.com. Phone: 1234567890.","{""originLocationCode"": ""DEL"", ""destinationLocationCode"": ""PAR"", ""departureDate"": ""2025-07-20"", ""returnDate"": ""2025-09-18"", ""adults"": 3, ""max"": 5, ""travelers_details"": [{""dateOfBirth"": ""2025-12-26"", ""name"": {""firstName"": ""Anjali"", ""lastName"": ""Sharma""}, ""gender"": ""MALE"", ""contact"": {""emailAddress"": ""emily.johnson@example.com"", ""phones"": [{""deviceType"": ""MOBILE"", ""number"": ""1234567890""}]}, ""id"": ""1""}, {""dateOfBirth"": ""2025-12-26"", ""name"": {""firstName"": ""Anjali"", ""lastName"": ""Sharma""}, ""gender"": ""MALE"", ""contact"": {""emailAddress"": ""emily.johnson@example.com"", ""phones"": [{""deviceType"": ""MOBILE"", ""number"": ""1234567890""}]}, ""id"": ""2""}, {""dateOfBirth"": ""2025-12-26"", ""name"": {""firstName"": ""Anjali"", ""lastName"": ""Sharma""}, ""gender"": ""MALE"", ""contact"": {""emailAddress"": ""emily.johnson@example.com"", ""phones"": [{""deviceType"": ""MOBILE"", ""number"": ""1234567890""}]}, ""id"": ""3""}]}",trip
"Book a hotel from BLR to HND departing on 2025-06-14 and returning on 2025-09-28. Travelers: Emily Johnson, Emily Johnson, Emily Johnson. Contact email: emily.johnson@example.com. Phone: 5555555555.","{""originLocationCode"": ""BLR"", ""destinationLocationCode"": ""HND"", ""departureDate"": ""2025-06-14"", ""returnDate"": ""2025-09-28"", ""adults"": 3, ""max"": 5, ""travelers_details"": [{""dateOfBirth"": ""2025-11-19"", ""name"": {""firstName"": ""Emily"", ""lastName"": ""Johnson""}, ""gender"": ""MALE"", ""contact"": {""emailAddress"": ""emily.johnson@example.com"", ""phones"": [{""deviceType"": ""MOBILE"", ""number"": ""5555555555""}]}, ""id"": ""1""}, {""dateOfBirth"": ""2025-11-19"", ""name"": {""firstName"": ""Emily"", ""lastName"": ""Johnson""}, ""gender"": ""MALE"", ""contact"": {""emailAddress"": ""emily.johnson@example.com"", ""phones"": [{""deviceType"": ""MOBILE"", ""number"": ""5555555555""}]}, ""id"": ""2""}, {""dateOfBirth"": ""2025-11-19"", ""name"": {""firstName"": ""Emily"", ""lastName"": ""Johnson""}, ""gender"": ""MALE"", ""contact"": {""emailAddress"": ""emily.johnson@example.com"", ""phones"": [{""deviceType"": ""MOBILE"", ""number"": ""5555555555""}]}, ""id"": ""3""}]}",hotel
"Book a itinerary from BLR to HND departing on 2025-06-03 and returning on 2025-07-22. Travelers: Emily Johnson, Emily Johnson, Emily Johnson. Contact email: jane.smith@example.com. Phone: 9876543210.","{""originLocationCode"": ""BLR"", ""destinationLocationCode"": ""HND"", ""departureDate"": ""2025-06-03"", ""returnDate"": ""2025-07-22"", ""adults"": 3, ""max"": 5, ""travelers_details"": [{""dateOfBirth"": ""2025-01-17"", ""name"": {""firstName"": ""Emily"", ""lastName"": ""Johnson""}, ""gender"": ""FEMALE"", ""contact"": {""emailAddress"": ""jane.smith@example.com"", ""phones"": [{""deviceType"": ""MOBILE"", ""number"": ""9876543210""}]}, ""id"": ""1""}, {""dateOfBirth"": ""2025-01-17"", ""name"": {""firstName"": ""Emily"", ""lastName"": ""Johnson""}, ""gender"": ""FEMALE"", ""contact"": {""emailAddress"": ""jane.smith@example.com"", ""phones"": [{""deviceType"": ""MOBILE"", ""number"": ""9876543210""}]}, ""id"": ""2""}, {""dateOfBirth"": ""2025-01-17"", ""name"": {""firstName"": ""Emily"", ""lastName"": ""Johnson""}, ""gender"": ""FEMALE"", ""contact"": {""emailAddress"": ""jane.smith@example.com"", ""phones"": [{""deviceType"": ""MOBILE"", ""number"": ""9876543210""}]}, ""id"": ""3""}]}",itinerary
"Book a itinerary from SFO to LHR departing on 2025-03-02 and returning on 2025-05-05. Travelers: Raj Verma, Raj Verma. Contact email: emily.johnson@example.com. Phone: 5555555555.","{""originLocationCode"": ""SFO"", ""destinationLocationCode"": ""LHR"", ""departureDate"": ""2025-03-02"", ""returnDate"": ""2025-05-05"", ""adults"": 2, ""max"": 5, ""travelers_details"": [{""dateOfBirth"": ""2025-04-06"", ""name"": {""firstName"": ""Raj"", ""lastName"": ""Verma""}, ""gender"": ""FEMALE"", ""contact"": {""emailAddress"": ""emily.johnson@example.com"", ""phones"": [{""deviceType"": ""MOBILE"", ""number"": ""5555555555""}]}, ""id"": ""1""}, {""dateOfBirth"": ""2025-04-06"", ""name"": {""firstName"": ""Raj"", ""lastName"": ""Verma""}, ""gender"": ""FEMALE"", ""contact"": {""emailAddress"": ""emily.johnson@example.com"", ""phones"": [{""deviceType"": ""MOBILE"", ""number"": ""5555555555""}]}, ""id"": ""2""}]}",itinerary
"Book a hotel from SYD to SIN departing on 2025-09-22 and returning on 2025-09-22. Travelers: Jane Smith, Jane Smith, Jane Smith. Contact email: emily.johnson@example.com. Phone: 5555555555.","{""originLocationCode"": ""SYD"", ""destinationLocationCode"": ""SIN"", ""departureDate"": ""2025-09-22"", ""returnDate"": ""2025-09-22"", ""adults"": 3, ""max"": 5, ""travelers_details"": [{""dateOfBirth"": ""2025-05-06"", ""name"": {""firstName"": ""Jane"", ""lastName"": ""Smith""}, ""gender"": ""FEMALE"", ""contact"": {""emailAddress"": ""emily.johnson@example.com"", ""phones"": [{""deviceType"": ""MOBILE"", ""number"": ""5555555555""}]}, ""id"": ""1""}, {""dateOfBirth"": ""2025-05-06"", ""name"": {""firstName"": ""Jane"", ""lastName"": ""Smith""}, ""gender"": ""FEMALE"", ""contact"": {""emailAddress"": ""emily.johnson@example.com"", ""phones"": [{""deviceType"": ""MOBILE"", ""number"": ""5555555555""}]}, ""id"": ""2""}, {""dateOfBirth"": ""2025-05-06"", ""name"": {""firstName"": ""Jane"", ""lastName"": ""Smith""}, ""gender"": ""FEMALE"", ""contact"": {""emailAddress"": ""emily.johnson@example.com"", ""phones"": [{""deviceType"": ""MOBILE"", ""number"": ""5555555555""}]}, ""id"": ""3""}]}",hotel
Book a trip from BOM to HND departing on 2025-05-18 and returning on 2025-11-01. Travelers: Sarah Lee. Contact email: emily.johnson@example.com. Phone: 1234567890.,"{""originLocationCode"": ""BOM"", ""destinationLocationCode"": ""HND"", ""departureDate"": ""2025-05-18"", ""returnDate"": ""2025-11-01"", ""adults"": 1, ""max"": 5, ""travelers_details"": [{""dateOfBirth"": ""2025-12-25"", ""name"": {""firstName"": ""Sarah"", ""lastName"": ""Lee""}, ""gender"": ""FEMALE"", ""contact"": {""emailAddress"": ""emily.johnson@example.com"", ""phones"": [{""deviceType"": ""MOBILE"", ""number"": ""1234567890""}]}, ""id"": ""1""}]}",trip
"Book a trip from DEL to NRT departing on 2025-01-02 and returning on 2025-09-12. Travelers: John Doe, John Doe, John Doe. Contact email: john.doe@example.com. Phone: 1234567890.","{""originLocationCode"": ""DEL"", ""destinationLocationCode"": ""NRT"", ""departureDate"": ""2025-01-02"", ""returnDate"": ""2025-09-12"", ""adults"": 3, ""max"": 5, ""travelers_details"": [{""dateOfBirth"": ""2025-07-20"", ""name"": {""firstName"": ""John"", ""lastName"": ""Doe""}, ""gender"": ""MALE"", ""contact"": {""emailAddress"": ""john.doe@example.com"", ""phones"": [{""deviceType"": ""MOBILE"", ""number"": ""1234567890""}]}, ""id"": ""1""}, {""dateOfBirth"": ""2025-07-20"", ""name"": {""firstName"": ""John"", ""lastName"": ""Doe""}, ""gender"": ""MALE"", ""contact"": {""emailAddress"": ""john.doe@example.com"", ""phones"": [{""deviceType"": ""MOBILE"", ""number"": ""1234567890""}]}, ""id"": ""2""}, {""dateOfBirth"": ""2025-07-20"", ""name"": {""firstName"": ""John"", ""lastName"": ""Doe""}, ""gender"": ""MALE"", ""contact"": {""emailAddress"": ""john.doe@example.com"", ""phones"": [{""deviceType"": ""MOBILE"", ""number"": ""1234567890""}]}, ""id"": ""3""}]}",trip
Book a flight from SFO to LHR departing on 2025-09-09 and returning on 2025-12-24. Travelers: Sarah Lee. Contact email: jane.smith@example.com. Phone: 5555555555.,"{""originLocationCode"": ""SFO"", ""destinationLocationCode"": ""LHR"", ""departureDate"": ""2025-09-09"", ""returnDate"": ""2025-12-24"", ""adults"": 1, ""max"": 5, ""travelers_details"": [{""dateOfBirth"": ""2025-10-09"", ""name"": {""firstName"": ""Sarah"", ""lastName"": ""Lee""}, ""gender"": ""MALE"", ""contact"": {""emailAddress"": ""jane.smith@example.com"", ""phones"": [{""deviceType"": ""MOBILE"", ""number"": ""5555555555""}]}, ""id"": ""1""}]}",flight
"Book a hotel from SYD to HND departing on 2025-06-17 and returning on 2025-07-20. Travelers: Emily Johnson, Emily Johnson. Contact email: emily.johnson@example.com. Phone: 9876543210.","{""originLocationCode"": ""SYD"", ""destinationLocationCode"": ""HND"", ""departureDate"": ""2025-06-17"", ""returnDate"": ""2025-07-20"", ""adults"": 2, ""max"": 5, ""travelers_details"": [{""dateOfBirth"": ""2025-12-13"", ""name"": {""firstName"": ""Emily"", ""lastName"": ""Johnson""}, ""gender"": ""MALE"", ""contact"": {""emailAddress"": ""emily.johnson@example.com"", ""phones"": [{""deviceType"": ""MOBILE"", ""number"": ""9876543210""}]}, ""id"": ""1""}, {""dateOfBirth"": ""2025-12-13"", ""name"": {""firstName"": ""Emily"", ""lastName"": ""Johnson""}, ""gender"": ""MALE"", ""contact"": {""emailAddress"": ""emily.johnson@example.com"", ""phones"": [{""deviceType"": ""MOBILE"", ""number"": ""9876543210""}]}, ""id"": ""2""}]}",hotel
Book a hotel from SYD to CDG departing on 2025-02-16 and returning on 2025-09-12. Travelers: Sarah Lee. Contact email: john.doe@example.com. Phone: 5555555555.,"{""originLocationCode"": ""SYD"", ""destinationLocationCode"": ""CDG"", ""departureDate"": ""2025-02-16"", ""returnDate"": ""2025-09-12"", ""adults"": 1, ""max"": 5, ""travelers_details"": [{""dateOfBirth"": ""2025-09-04"", ""name"": {""firstName"": ""Sarah"", ""lastName"": ""Lee""}, ""gender"": ""FEMALE"", ""contact"": {""emailAddress"": ""john.doe@example.com"", ""phones"": [{""deviceType"": ""MOBILE"", ""number"": ""5555555555""}]}, ""id"": ""1""}]}",hotel
"Book a trip from LAX to CDG departing on 2025-01-09 and returning on 2025-08-28. Travelers: Jane Smith, Jane Smith. Contact email: john.doe@example.com. Phone: 1234567890.","{""originLocationCode"": ""LAX"", ""destinationLocationCode"": ""CDG"", ""departureDate"": ""2025-01-09"", ""returnDate"": ""2025-08-28"", ""adults"": 2, ""max"": 5, ""travelers_details"": [{""dateOfBirth"": ""2025-01-07"", ""name"": {""firstName"": ""Jane"", ""lastName"": ""Smith""}, ""gender"": ""FEMALE"", ""contact"": {""emailAddress"": ""john.doe@example.com"", ""phones"": [{""deviceType"": ""MOBILE"", ""number"": ""1234567890""}]}, ""id"": ""1""}, {""dateOfBirth"": ""2025-01-07"", ""name"": {""firstName"": ""Jane"", ""lastName"": ""Smith""}, ""gender"": ""FEMALE"", ""contact"": {""emailAddress"": ""john.doe@example.com"", ""phones"": [{""deviceType"": ""MOBILE"", ""number"": ""1234567890""}]}, ""id"": ""2""}]}",trip
Book a trip from SYD to HND departing on 2025-08-17 and returning on 2025-10-24. Travelers: Anjali Sharma. Contact email: john.doe@example.com. Phone: 5555555555.,"{""originLocationCode"": ""SYD"", ""destinationLocationCode"": ""HND"", ""departureDate"": ""2025-08-17"", ""returnDate"": ""2025-10-24"", ""adults"": 1, ""max"": 5, ""travelers_details"": [{""dateOfBirth"": ""2025-08-23"", ""name"": {""firstName"": ""Anjali"", ""lastName"": ""Sharma""}, ""gender"": ""MALE"", ""contact"": {""emailAddress"": ""john.doe@example.com"", ""phones"": [{""deviceType"": ""MOBILE"", ""number"": ""5555555555""}]}, ""id"": ""1""}]}",trip
Book a trip from DEL to NRT departing on 2025-07-22 and returning on 2025-12-16. Travelers: Michael Brown. Contact email: john.doe@example.com. Phone: 1234567890.,"{""originLocationCode"": ""DEL"", ""destinationLocationCode"": ""NRT"", ""departureDate"": ""2025-07-22"", ""returnDate"": ""2025-12-16"", ""adults"": 1, ""max"": 5, ""travelers_details"": [{""dateOfBirth"": ""2025-03-02"", ""name"": {""firstName"": ""Michael"", ""lastName"": ""Brown""}, ""gender"": ""MALE"", ""contact"": {""emailAddress"": ""john.doe@example.com"", ""phones"": [{""deviceType"": ""MOBILE"", ""number"": ""1234567890""}]}, ""id"": ""1""}]}",trip
"Book a itinerary from BOM to DPS departing on 2025-04-26 and returning on 2025-07-19. Travelers: Emily Johnson, Emily Johnson, Emily Johnson. Contact email: jane.smith@example.com. Phone: 1234567890.","{""originLocationCode"": ""BOM"", ""destinationLocationCode"": ""DPS"", ""departureDate"": ""2025-04-26"", ""returnDate"": ""2025-07-19"", ""adults"": 3, ""max"": 5, ""travelers_details"": [{""dateOfBirth"": ""2025-06-23"", ""name"": {""firstName"": ""Emily"", ""lastName"": ""Johnson""}, ""gender"": ""FEMALE"", ""contact"": {""emailAddress"": ""jane.smith@example.com"", ""phones"": [{""deviceType"": ""MOBILE"", ""number"": ""1234567890""}]}, ""id"": ""1""}, {""dateOfBirth"": ""2025-06-23"", ""name"": {""firstName"": ""Emily"", ""lastName"": ""Johnson""}, ""gender"": ""FEMALE"", ""contact"": {""emailAddress"": ""jane.smith@example.com"", ""phones"": [{""deviceType"": ""MOBILE"", ""number"": ""1234567890""}]}, ""id"": ""2""}, {""dateOfBirth"": ""2025-06-23"", ""name"": {""firstName"": ""Emily"", ""lastName"": ""Johnson""}, ""gender"": ""FEMALE"", ""contact"": {""emailAddress"": ""jane.smith@example.com"", ""phones"": [{""deviceType"": ""MOBILE"", ""number"": ""1234567890""}]}, ""id"": ""3""}]}",itinerary
Book a hotel from JFK to SIN departing on 2025-03-14 and returning on 2025-08-02. Travelers: Michael Brown. Contact email: emily.johnson@example.com. Phone: 5555555555.,"{""originLocationCode"": ""JFK"", ""destinationLocationCode"": ""SIN"", ""departureDate"": ""2025-03-14"", ""returnDate"": ""2025-08-02"", ""adults"": 1, ""max"": 5, ""travelers_details"": [{""dateOfBirth"": ""2025-06-17"", ""name"": {""firstName"": ""Michael"", ""lastName"": ""Brown""}, ""gender"": ""FEMALE"", ""contact"": {""emailAddress"": ""emily.johnson@example.com"", ""phones"": [{""deviceType"": ""MOBILE"", ""number"": ""5555555555""}]}, ""id"": ""1""}]}",hotel
"Book a trip from SFO to SIN departing on 2025-04-04 and returning on 2025-08-23. Travelers: Michael Brown, Michael Brown. Contact email: john.doe@example.com. Phone: 1234567890.","{""originLocationCode"": ""SFO"", ""destinationLocationCode"": ""SIN"", ""departureDate"": ""2025-04-04"", ""returnDate"": ""2025-08-23"", ""adults"": 2, ""max"": 5, ""travelers_details"": [{""dateOfBirth"": ""2025-04-08"", ""name"": {""firstName"": ""Michael"", ""lastName"": ""Brown""}, ""gender"": ""FEMALE"", ""contact"": {""emailAddress"": ""john.doe@example.com"", ""phones"": [{""deviceType"": ""MOBILE"", ""number"": ""1234567890""}]}, ""id"": ""1""}, {""dateOfBirth"": ""2025-04-08"", ""name"": {""firstName"": ""Michael"", ""lastName"": ""Brown""}, ""gender"": ""FEMALE"", ""contact"": {""emailAddress"": ""john.doe@example.com"", ""phones"": [{""deviceType"": ""MOBILE"", ""number"": ""1234567890""}]}, ""id"": ""2""}]}",trip
"Book a hotel from BLR to PAR departing on 2025-05-06 and returning on 2025-11-04. Travelers: Emily Johnson, Emily Johnson, Emily Johnson. Contact email: emily.johnson@example.com. Phone: 9876543210.","{""originLocationCode"": ""BLR"", ""destinationLocationCode"": ""PAR"", ""departureDate"": ""2025-05-06"", ""returnDate"": ""2025-11-04"", ""adults"": 3, ""max"": 5, ""travelers_details"": [{""dateOfBirth"": ""2025-11-23"", ""name"": {""firstName"": ""Emily"", ""lastName"": ""Johnson""}, ""gender"": ""MALE"", ""contact"": {""emailAddress"": ""emily.johnson@example.com"", ""phones"": [{""deviceType"": ""MOBILE"", ""number"": ""9876543210""}]}, ""id"": ""1""}, {""dateOfBirth"": ""2025-11-23"", ""name"": {""firstName"": ""Emily"", ""lastName"": ""Johnson""}, ""gender"": ""MALE"", ""contact"": {""emailAddress"": ""emily.johnson@example.com"", ""phones"": [{""deviceType"": ""MOBILE"", ""number"": ""9876543210""}]}, ""id"": ""2""}, {""dateOfBirth"": ""2025-11-23"", ""name"": {""firstName"": ""Emily"", ""lastName"": ""Johnson""}, ""gender"": ""MALE"", ""contact"": {""emailAddress"": ""emily.johnson@example.com"", ""phones"": [{""deviceType"": ""MOBILE"", ""number"": ""9876543210""}]}, ""id"": ""3""}]}",hotel
"Book a itinerary from BLR to SIN departing on 2025-03-07 and returning on 2025-10-12. Travelers: Michael Brown, Michael Brown. Contact email: john.doe@example.com. Phone: 1234567890.","{""originLocationCode"": ""BLR"", ""destinationLocationCode"": ""SIN"", ""departureDate"": ""2025-03-07"", ""returnDate"": ""2025-10-12"", ""adults"": 2, ""max"": 5, ""travelers_details"": [{""dateOfBirth"": ""2025-06-17"", ""name"": {""firstName"": ""Michael"", ""lastName"": ""Brown""}, ""gender"": ""FEMALE"", ""contact"": {""emailAddress"": ""john.doe@example.com"", ""phones"": [{""deviceType"": ""MOBILE"", ""number"": ""1234567890""}]}, ""id"": ""1""}, {""dateOfBirth"": ""2025-06-17"", ""name"": {""firstName"": ""Michael"", ""lastName"": ""Brown""}, ""gender"": ""FEMALE"", ""contact"": {""emailAddress"": ""john.doe@example.com"", ""phones"": [{""deviceType"": ""MOBILE"", ""number"": ""1234567890""}]}, ""id"": ""2""}]}",itinerary
"Book a flight from JFK to CDG departing on 2025-01-10 and returning on 2025-03-07. Travelers: Emily Johnson, Emily Johnson, Emily Johnson. Contact email: jane.smith@example.com. Phone: 9876543210.","{""originLocationCode"": ""JFK"", ""destinationLocationCode"": ""CDG"", ""departureDate"": ""2025-01-10"", ""returnDate"": ""2025-03-07"", ""adults"": 3, ""max"": 5, ""travelers_details"": [{""dateOfBirth"": ""2025-07-24"", ""name"": {""firstName"": ""Emily"", ""lastName"": ""Johnson""}, ""gender"": ""FEMALE"", ""contact"": {""emailAddress"": ""jane.smith@example.com"", ""phones"": [{""deviceType"": ""MOBILE"", ""number"": ""9876543210""}]}, ""id"": ""1""}, {""dateOfBirth"": ""2025-07-24"", ""name"": {""firstName"": ""Emily"", ""lastName"": ""Johnson""}, ""gender"": ""FEMALE"", ""contact"": {""emailAddress"": ""jane.smith@example.com"", ""phones"": [{""deviceType"": ""MOBILE"", ""number"": ""9876543210""}]}, ""id"": ""2""}, {""dateOfBirth"": ""2025-07-24"", ""name"": {""firstName"": ""Emily"", ""lastName"": ""Johnson""}, ""gender"": ""FEMALE"", ""contact"": {""emailAddress"": ""jane.smith@example.com"", ""phones"": [{""deviceType"": ""MOBILE"", ""number"": ""9876543210""}]}, ""id"": ""3""}]}",flight
Book a itinerary from JFK to HND departing on 2025-02-04 and returning on 2025-05-09. Travelers: Anjali Sharma. Contact email: jane.smith@example.com. Phone: 5555555555.,"{""originLocationCode"": ""JFK"", ""destinationLocationCode"": ""HND"", ""departureDate"": ""2025-02-04"", ""returnDate"": ""2025-05-09"", ""adults"": 1, ""max"": 5, ""travelers_details"": [{""dateOfBirth"": ""2025-11-16"", ""name"": {""firstName"": ""Anjali"", ""lastName"": ""Sharma""}, ""gender"": ""FEMALE"", ""contact"": {""emailAddress"": ""jane.smith@example.com"", ""phones"": [{""deviceType"": ""MOBILE"", ""number"": ""5555555555""}]}, ""id"": ""1""}]}",itinerary
"Book a itinerary from JFK to LHR departing on 2025-01-05 and returning on 2025-10-18. Travelers: Jane Smith, Jane Smith. Contact email: john.doe@example.com. Phone: 5555555555.","{""originLocationCode"": ""JFK"", ""destinationLocationCode"": ""LHR"", ""departureDate"": ""2025-01-05"", ""returnDate"": ""2025-10-18"", ""adults"": 2, ""max"": 5, ""travelers_details"": [{""dateOfBirth"": ""2025-01-09"", ""name"": {""firstName"": ""Jane"", ""lastName"": ""Smith""}, ""gender"": ""MALE"", ""contact"": {""emailAddress"": ""john.doe@example.com"", ""phones"": [{""deviceType"": ""MOBILE"", ""number"": ""5555555555""}]}, ""id"": ""1""}, {""dateOfBirth"": ""2025-01-09"", ""name"": {""firstName"": ""Jane"", ""lastName"": ""Smith""}, ""gender"": ""MALE"", ""contact"": {""emailAddress"": ""john.doe@example.com"", ""phones"": [{""deviceType"": ""MOBILE"", ""number"": ""5555555555""}]}, ""id"": ""2""}]}",itinerary
Book a hotel from BOM to NRT departing on 2025-04-22 and returning on 2025-12-15. Travelers: Emily Johnson. Contact email: jane.smith@example.com. Phone: 5555555555.,"{""originLocationCode"": ""BOM"", ""destinationLocationCode"": ""NRT"", ""departureDate"": ""2025-04-22"", ""returnDate"": ""2025-12-15"", ""adults"": 1, ""max"": 5, ""travelers_details"": [{""dateOfBirth"": ""2025-04-09"", ""name"": {""firstName"": ""Emily"", ""lastName"": ""Johnson""}, ""gender"": ""MALE"", ""contact"": {""emailAddress"": ""jane.smith@example.com"", ""phones"": [{""deviceType"": ""MOBILE"", ""number"": ""5555555555""}]}, ""id"": ""1""}]}",hotel
"Book a trip from BLR to SIN departing on 2025-06-28 and returning on 2025-10-09. Travelers: Emily Johnson, Emily Johnson, Emily Johnson. Contact email: john.doe@example.com. Phone: 9876543210.","{""originLocationCode"": ""BLR"", ""destinationLocationCode"": ""SIN"", ""departureDate"": ""2025-06-28"", ""returnDate"": ""2025-10-09"", ""adults"": 3, ""max"": 5, ""travelers_details"": [{""dateOfBirth"": ""2025-09-22"", ""name"": {""firstName"": ""Emily"", ""lastName"": ""Johnson""}, ""gender"": ""FEMALE"", ""contact"": {""emailAddress"": ""john.doe@example.com"", ""phones"": [{""deviceType"": ""MOBILE"", ""number"": ""9876543210""}]}, ""id"": ""1""}, {""dateOfBirth"": ""2025-09-22"", ""name"": {""firstName"": ""Emily"", ""lastName"": ""Johnson""}, ""gender"": ""FEMALE"", ""contact"": {""emailAddress"": ""john.doe@example.com"", ""phones"": [{""deviceType"": ""MOBILE"", ""number"": ""9876543210""}]}, ""id"": ""2""}, {""dateOfBirth"": ""2025-09-22"", ""name"": {""firstName"": ""Emily"", ""lastName"": ""Johnson""}, ""gender"": ""FEMALE"", ""contact"": {""emailAddress"": ""john.doe@example.com"", ""phones"": [{""deviceType"": ""MOBILE"", ""number"": ""9876543210""}]}, ""id"": ""3""}]}",trip
"Book a hotel from LAX to SIN departing on 2025-04-03 and returning on 2025-06-06. Travelers: Michael Brown, Michael Brown, Michael Brown. Contact email: jane.smith@example.com. Phone: 1234567890.","{""originLocationCode"": ""LAX"", ""destinationLocationCode"": ""SIN"", ""departureDate"": ""2025-04-03"", ""returnDate"": ""2025-06-06"", ""adults"": 3, ""max"": 5, ""travelers_details"": [{""dateOfBirth"": ""2025-07-09"", ""name"": {""firstName"": ""Michael"", ""lastName"": ""Brown""}, ""gender"": ""MALE"", ""contact"": {""emailAddress"": ""jane.smith@example.com"", ""phones"": [{""deviceType"": ""MOBILE"", ""number"": ""1234567890""}]}, ""id"": ""1""}, {""dateOfBirth"": ""2025-07-09"", ""name"": {""firstName"": ""Michael"", ""lastName"": ""Brown""}, ""gender"": ""MALE"", ""contact"": {""emailAddress"": ""jane.smith@example.com"", ""phones"": [{""deviceType"": ""MOBILE"", ""number"": ""1234567890""}]}, ""id"": ""2""}, {""dateOfBirth"": ""2025-07-09"", ""name"": {""firstName"": ""Michael"", ""lastName"": ""Brown""}, ""gender"": ""MALE"", ""contact"": {""emailAddress"": ""jane.smith@example.com"", ""phones"": [{""deviceType"": ""MOBILE"", ""number"": ""1234567890""}]}, ""id"": ""3""}]}",hotel
"Book a hotel from JFK to NRT departing on 2025-03-18 and returning on 2025-11-05. Travelers: Emily Johnson, Emily Johnson, Emily Johnson. Contact email: emily.johnson@example.com. Phone: 5555555555.","{""originLocationCode"": ""JFK"", ""destinationLocationCode"": ""NRT"", ""departureDate"": ""2025-03-18"", ""returnDate"": ""2025-11-05"", ""adults"": 3, ""max"": 5, ""travelers_details"": [{""dateOfBirth"": ""2025-04-04"", ""name"": {""firstName"": ""Emily"", ""lastName"": ""Johnson""}, ""gender"": ""MALE"", ""contact"": {""emailAddress"": ""emily.johnson@example.com"", ""phones"": [{""deviceType"": ""MOBILE"", ""number"": ""5555555555""}]}, ""id"": ""1""}, {""dateOfBirth"": ""2025-04-04"", ""name"": {""firstName"": ""Emily"", ""lastName"": ""Johnson""}, ""gender"": ""MALE"", ""contact"": {""emailAddress"": ""emily.johnson@example.com"", ""phones"": [{""deviceType"": ""MOBILE"", ""number"": ""5555555555""}]}, ""id"": ""2""}, {""dateOfBirth"": ""2025-04-04"", ""name"": {""firstName"": ""Emily"", ""lastName"": ""Johnson""}, ""gender"": ""MALE"", ""contact"": {""emailAddress"": ""emily.johnson@example.com"", ""phones"": [{""deviceType"": ""MOBILE"", ""number"": ""5555555555""}]}, ""id"": ""3""}]}",hotel
"Book a trip from BOM to NRT departing on 2025-08-02 and returning on 2025-09-03. Travelers: Michael Brown, Michael Brown. Contact email: jane.smith@example.com. Phone: 5555555555.","{""originLocationCode"": ""BOM"", ""destinationLocationCode"": ""NRT"", ""departureDate"": ""2025-08-02"", ""returnDate"": ""2025-09-03"", ""adults"": 2, ""max"": 5, ""travelers_details"": [{""dateOfBirth"": ""2025-12-04"", ""name"": {""firstName"": ""Michael"", ""lastName"": ""Brown""}, ""gender"": ""FEMALE"", ""contact"": {""emailAddress"": ""jane.smith@example.com"", ""phones"": [{""deviceType"": ""MOBILE"", ""number"": ""5555555555""}]}, ""id"": ""1""}, {""dateOfBirth"": ""2025-12-04"", ""name"": {""firstName"": ""Michael"", ""lastName"": ""Brown""}, ""gender"": ""FEMALE"", ""contact"": {""emailAddress"": ""jane.smith@example.com"", ""phones"": [{""deviceType"": ""MOBILE"", ""number"": ""5555555555""}]}, ""id"": ""2""}]}",trip
Book a flight from SYD to LHR departing on 2025-07-28 and returning on 2025-11-10. Travelers: John Doe. Contact email: john.doe@example.com. Phone: 5555555555.,"{""originLocationCode"": ""SYD"", ""destinationLocationCode"": ""LHR"", ""departureDate"": ""2025-07-28"", ""returnDate"": ""2025-11-10"", ""adults"": 1, ""max"": 5, ""travelers_details"": [{""dateOfBirth"": ""2025-02-18"", ""name"": {""firstName"": ""John"", ""lastName"": ""Doe""}, ""gender"": ""MALE"", ""contact"": {""emailAddress"": ""john.doe@example.com"", ""phones"": [{""deviceType"": ""MOBILE"", ""number"": ""5555555555""}]}, ""id"": ""1""}]}",flight
"Book a hotel from JFK to HND departing on 2025-05-07 and returning on 2025-12-14. Travelers: Sarah Lee, Sarah Lee. Contact email: john.doe@example.com. Phone: 9876543210.","{""originLocationCode"": ""JFK"", ""destinationLocationCode"": ""HND"", ""departureDate"": ""2025-05-07"", ""returnDate"": ""2025-12-14"", ""adults"": 2, ""max"": 5, ""travelers_details"": [{""dateOfBirth"": ""2025-07-11"", ""name"": {""firstName"": ""Sarah"", ""lastName"": ""Lee""}, ""gender"": ""MALE"", ""contact"": {""emailAddress"": ""john.doe@example.com"", ""phones"": [{""deviceType"": ""MOBILE"", ""number"": ""9876543210""}]}, ""id"": ""1""}, {""dateOfBirth"": ""2025-07-11"", ""name"": {""firstName"": ""Sarah"", ""lastName"": ""Lee""}, ""gender"": ""MALE"", ""contact"": {""emailAddress"": ""john.doe@example.com"", ""phones"": [{""deviceType"": ""MOBILE"", ""number"": ""9876543210""}]}, ""id"": ""2""}]}",hotel
"Book a hotel from BLR to DPS departing on 2025-06-26 and returning on 2025-10-02. Travelers: Anjali Sharma, Anjali Sharma, Anjali Sharma. Contact email: jane.smith@example.com. Phone: 1234567890.","{""originLocationCode"": ""BLR"", ""destinationLocationCode"": ""DPS"", ""departureDate"": ""2025-06-26"", ""returnDate"": ""2025-10-02"", ""adults"": 3, ""max"": 5, ""travelers_details"": [{""dateOfBirth"": ""2025-11-16"", ""name"": {""firstName"": ""Anjali"", ""lastName"": ""Sharma""}, ""gender"": ""FEMALE"", ""contact"": {""emailAddress"": ""jane.smith@example.com"", ""phones"": [{""deviceType"": ""MOBILE"", ""number"": ""1234567890""}]}, ""id"": ""1""}, {""dateOfBirth"": ""2025-11-16"", ""name"": {""firstName"": ""Anjali"", ""lastName"": ""Sharma""}, ""gender"": ""FEMALE"", ""contact"": {""emailAddress"": ""jane.smith@example.com"", ""phones"": [{""deviceType"": ""MOBILE"", ""number"": ""1234567890""}]}, ""id"": ""2""}, {""dateOfBirth"": ""2025-11-16"", ""name"": {""firstName"": ""Anjali"", ""lastName"": ""Sharma""}, ""gender"": ""FEMALE"", ""contact"": {""emailAddress"": ""jane.smith@example.com"", ""phones"": [{""deviceType"": ""MOBILE"", ""number"": ""1234567890""}]}, ""id"": ""3""}]}",hotel
"Book a itinerary from LAX to SIN departing on 2025-01-12 and returning on 2025-09-16. Travelers: Michael Brown, Michael Brown. Contact email: emily.johnson@example.com. Phone: 5555555555.","{""originLocationCode"": ""LAX"", ""destinationLocationCode"": ""SIN"", ""departureDate"": ""2025-01-12"", ""returnDate"": ""2025-09-16"", ""adults"": 2, ""max"": 5, ""travelers_details"": [{""dateOfBirth"": ""2025-04-24"", ""name"": {""firstName"": ""Michael"", ""lastName"": ""Brown""}, ""gender"": ""MALE"", ""contact"": {""emailAddress"": ""emily.johnson@example.com"", ""phones"": [{""deviceType"": ""MOBILE"", ""number"": ""5555555555""}]}, ""id"": ""1""}, {""dateOfBirth"": ""2025-04-24"", ""name"": {""firstName"": ""Michael"", ""lastName"": ""Brown""}, ""gender"": ""MALE"", ""contact"": {""emailAddress"": ""emily.johnson@example.com"", ""phones"": [{""deviceType"": ""MOBILE"", ""number"": ""5555555555""}]}, ""id"": ""2""}]}",itinerary
"Book a trip from SYD to CDG departing on 2025-02-17 and returning on 2025-08-12. Travelers: Sarah Lee, Sarah Lee, Sarah Lee. Contact email: emily.johnson@example.com. Phone: 1234567890.","{""originLocationCode"": ""SYD"", ""destinationLocationCode"": ""CDG"", ""departureDate"": ""2025-02-17"", ""returnDate"": ""2025-08-12"", ""adults"": 3, ""max"": 5, ""travelers_details"": [{""dateOfBirth"": ""2025-06-28"", ""name"": {""firstName"": ""Sarah"", ""lastName"": ""Lee""}, ""gender"": ""FEMALE"", ""contact"": {""emailAddress"": ""emily.johnson@example.com"", ""phones"": [{""deviceType"": ""MOBILE"", ""number"": ""1234567890""}]}, ""id"": ""1""}, {""dateOfBirth"": ""2025-06-28"", ""name"": {""firstName"": ""Sarah"", ""lastName"": ""Lee""}, ""gender"": ""FEMALE"", ""contact"": {""emailAddress"": ""emily.johnson@example.com"", ""phones"": [{""deviceType"": ""MOBILE"", ""number"": ""1234567890""}]}, ""id"": ""2""}, {""dateOfBirth"": ""2025-06-28"", ""name"": {""firstName"": ""Sarah"", ""lastName"": ""Lee""}, ""gender"": ""FEMALE"", ""contact"": {""emailAddress"": ""emily.johnson@example.com"", ""phones"": [{""deviceType"": ""MOBILE"", ""number"": ""1234567890""}]}, ""id"": ""3""}]}",trip
"Book a itinerary from DEL to NRT departing on 2025-08-03 and returning on 2025-09-13. Travelers: Michael Brown, Michael Brown, Michael Brown. Contact email: emily.johnson@example.com. Phone: 9876543210.","{""originLocationCode"": ""DEL"", ""destinationLocationCode"": ""NRT"", ""departureDate"": ""2025-08-03"", ""returnDate"": ""2025-09-13"", ""adults"": 3, ""max"": 5, ""travelers_details"": [{""dateOfBirth"": ""2025-02-28"", ""name"": {""firstName"": ""Michael"", ""lastName"": ""Brown""}, ""gender"": ""MALE"", ""contact"": {""emailAddress"": ""emily.johnson@example.com"", ""phones"": [{""deviceType"": ""MOBILE"", ""number"": ""9876543210""}]}, ""id"": ""1""}, {""dateOfBirth"": ""2025-02-28"", ""name"": {""firstName"": ""Michael"", ""lastName"": ""Brown""}, ""gender"": ""MALE"", ""contact"": {""emailAddress"": ""emily.johnson@example.com"", ""phones"": [{""deviceType"": ""MOBILE"", ""number"": ""9876543210""}]}, ""id"": ""2""}, {""dateOfBirth"": ""2025-02-28"", ""name"": {""firstName"": ""Michael"", ""lastName"": ""Brown""}, ""gender"": ""MALE"", ""contact"": {""emailAddress"": ""emily.johnson@example.com"", ""phones"": [{""deviceType"": ""MOBILE"", ""number"": ""9876543210""}]}, ""id"": ""3""}]}",itinerary
"Book a itinerary from JFK to LHR departing on 2025-01-12 and returning on 2025-10-04. Travelers: Raj Verma, Raj Verma, Raj Verma. Contact email: emily.johnson@example.com. Phone: 5555555555.","{""originLocationCode"": ""JFK"", ""destinationLocationCode"": ""LHR"", ""departureDate"": ""2025-01-12"", ""returnDate"": ""2025-10-04"", ""adults"": 3, ""max"": 5, ""travelers_details"": [{""dateOfBirth"": ""2025-09-24"", ""name"": {""firstName"": ""Raj"", ""lastName"": ""Verma""}, ""gender"": ""MALE"", ""contact"": {""emailAddress"": ""emily.johnson@example.com"", ""phones"": [{""deviceType"": ""MOBILE"", ""number"": ""5555555555""}]}, ""id"": ""1""}, {""dateOfBirth"": ""2025-09-24"", ""name"": {""firstName"": ""Raj"", ""lastName"": ""Verma""}, ""gender"": ""MALE"", ""contact"": {""emailAddress"": ""emily.johnson@example.com"", ""phones"": [{""deviceType"": ""MOBILE"", ""number"": ""5555555555""}]}, ""id"": ""2""}, {""dateOfBirth"": ""2025-09-24"", ""name"": {""firstName"": ""Raj"", ""lastName"": ""Verma""}, ""gender"": ""MALE"", ""contact"": {""emailAddress"": ""emily.johnson@example.com"", ""phones"": [{""deviceType"": ""MOBILE"", ""number"": ""5555555555""}]}, ""id"": ""3""}]}",itinerary
Book a flight from DEL to SIN departing on 2025-02-09 and returning on 2025-08-07. Travelers: Emily Johnson. Contact email: john.doe@example.com. Phone: 1234567890.,"{""originLocationCode"": ""DEL"", ""destinationLocationCode"": ""SIN"", ""departureDate"": ""2025-02-09"", ""returnDate"": ""2025-08-07"", ""adults"": 1, ""max"": 5, ""travelers_details"": [{""dateOfBirth"": ""2025-07-12"", ""name"": {""firstName"": ""Emily"", ""lastName"": ""Johnson""}, ""gender"": ""FEMALE"", ""contact"": {""emailAddress"": ""john.doe@example.com"", ""phones"": [{""deviceType"": ""MOBILE"", ""number"": ""1234567890""}]}, ""id"": ""1""}]}",flight
Book a hotel from SYD to PAR departing on 2025-03-01 and returning on 2025-09-06. Travelers: Raj Verma. Contact email: john.doe@example.com. Phone: 5555555555.,"{""originLocationCode"": ""SYD"", ""destinationLocationCode"": ""PAR"", ""departureDate"": ""2025-03-01"", ""returnDate"": ""2025-09-06"", ""adults"": 1, ""max"": 5, ""travelers_details"": [{""dateOfBirth"": ""2025-09-06"", ""name"": {""firstName"": ""Raj"", ""lastName"": ""Verma""}, ""gender"": ""MALE"", ""contact"": {""emailAddress"": ""john.doe@example.com"", ""phones"": [{""deviceType"": ""MOBILE"", ""number"": ""5555555555""}]}, ""id"": ""1""}]}",hotel
"Book a itinerary from JFK to PAR departing on 2025-05-22 and returning on 2025-06-28. Travelers: Anjali Sharma, Anjali Sharma, Anjali Sharma. Contact email: jane.smith@example.com. Phone: 9876543210.","{""originLocationCode"": ""JFK"", ""destinationLocationCode"": ""PAR"", ""departureDate"": ""2025-05-22"", ""returnDate"": ""2025-06-28"", ""adults"": 3, ""max"": 5, ""travelers_details"": [{""dateOfBirth"": ""2025-04-26"", ""name"": {""firstName"": ""Anjali"", ""lastName"": ""Sharma""}, ""gender"": ""FEMALE"", ""contact"": {""emailAddress"": ""jane.smith@example.com"", ""phones"": [{""deviceType"": ""MOBILE"", ""number"": ""9876543210""}]}, ""id"": ""1""}, {""dateOfBirth"": ""2025-04-26"", ""name"": {""firstName"": ""Anjali"", ""lastName"": ""Sharma""}, ""gender"": ""FEMALE"", ""contact"": {""emailAddress"": ""jane.smith@example.com"", ""phones"": [{""deviceType"": ""MOBILE"", ""number"": ""9876543210""}]}, ""id"": ""2""}, {""dateOfBirth"": ""2025-04-26"", ""name"": {""firstName"": ""Anjali"", ""lastName"": ""Sharma""}, ""gender"": ""FEMALE"", ""contact"": {""emailAddress"": ""jane.smith@example.com"", ""phones"": [{""deviceType"": ""MOBILE"", ""number"": ""9876543210""}]}, ""id"": ""3""}]}",itinerary
"Book a trip from SYD to NRT departing on 2025-01-19 and returning on 2025-07-14. Travelers: Emily Johnson, Emily Johnson, Emily Johnson. Contact email: john.doe@example.com. Phone: 1234567890.","{""originLocationCode"": ""SYD"", ""destinationLocationCode"": ""NRT"", ""departureDate"": ""2025-01-19"", ""returnDate"": ""2025-07-14"", ""adults"": 3, ""max"": 5, ""travelers_details"": [{""dateOfBirth"": ""2025-09-17"", ""name"": {""firstName"": ""Emily"", ""lastName"": ""Johnson""}, ""gender"": ""MALE"", ""contact"": {""emailAddress"": ""john.doe@example.com"", ""phones"": [{""deviceType"": ""MOBILE"", ""number"": ""1234567890""}]}, ""id"": ""1""}, {""dateOfBirth"": ""2025-09-17"", ""name"": {""firstName"": ""Emily"", ""lastName"": ""Johnson""}, ""gender"": ""MALE"", ""contact"": {""emailAddress"": ""john.doe@example.com"", ""phones"": [{""deviceType"": ""MOBILE"", ""number"": ""1234567890""}]}, ""id"": ""2""}, {""dateOfBirth"": ""2025-09-17"", ""name"": {""firstName"": ""Emily"", ""lastName"": ""Johnson""}, ""gender"": ""MALE"", ""contact"": {""emailAddress"": ""john.doe@example.com"", ""phones"": [{""deviceType"": ""MOBILE"", ""number"": ""1234567890""}]}, ""id"": ""3""}]}",trip
Book a flight from BLR to HND departing on 2025-03-20 and returning on 2025-06-06. Travelers: Michael Brown. Contact email: john.doe@example.com. Phone: 5555555555.,"{""originLocationCode"": ""BLR"", ""destinationLocationCode"": ""HND"", ""departureDate"": ""2025-03-20"", ""returnDate"": ""2025-06-06"", ""adults"": 1, ""max"": 5, ""travelers_details"": [{""dateOfBirth"": ""2025-12-21"", ""name"": {""firstName"": ""Michael"", ""lastName"": ""Brown""}, ""gender"": ""FEMALE"", ""contact"": {""emailAddress"": ""john.doe@example.com"", ""phones"": [{""deviceType"": ""MOBILE"", ""number"": ""5555555555""}]}, ""id"": ""1""}]}",flight
"Book a hotel from BLR to LHR departing on 2025-02-27 and returning on 2025-02-28. Travelers: Sarah Lee, Sarah Lee. Contact email: emily.johnson@example.com. Phone: 9876543210.","{""originLocationCode"": ""BLR"", ""destinationLocationCode"": ""LHR"", ""departureDate"": ""2025-02-27"", ""returnDate"": ""2025-02-28"", ""adults"": 2, ""max"": 5, ""travelers_details"": [{""dateOfBirth"": ""2025-02-28"", ""name"": {""firstName"": ""Sarah"", ""lastName"": ""Lee""}, ""gender"": ""FEMALE"", ""contact"": {""emailAddress"": ""emily.johnson@example.com"", ""phones"": [{""deviceType"": ""MOBILE"", ""number"": ""9876543210""}]}, ""id"": ""1""}, {""dateOfBirth"": ""2025-02-28"", ""name"": {""firstName"": ""Sarah"", ""lastName"": ""Lee""}, ""gender"": ""FEMALE"", ""contact"": {""emailAddress"": ""emily.johnson@example.com"", ""phones"": [{""deviceType"": ""MOBILE"", ""number"": ""9876543210""}]}, ""id"": ""2""}]}",hotel
"Book a itinerary from DEL to CDG departing on 2025-05-14 and returning on 2025-06-15. Travelers: Emily Johnson, Emily Johnson. Contact email: emily.johnson@example.com. Phone: 1234567890.","{""originLocationCode"": ""DEL"", ""destinationLocationCode"": ""CDG"", ""departureDate"": ""2025-05-14"", ""returnDate"": ""2025-06-15"", ""adults"": 2, ""max"": 5, ""travelers_details"": [{""dateOfBirth"": ""2025-09-17"", ""name"": {""firstName"": ""Emily"", ""lastName"": ""Johnson""}, ""gender"": ""FEMALE"", ""contact"": {""emailAddress"": ""emily.johnson@example.com"", ""phones"": [{""deviceType"": ""MOBILE"", ""number"": ""1234567890""}]}, ""id"": ""1""}, {""dateOfBirth"": ""2025-09-17"", ""name"": {""firstName"": ""Emily"", ""lastName"": ""Johnson""}, ""gender"": ""FEMALE"", ""contact"": {""emailAddress"": ""emily.johnson@example.com"", ""phones"": [{""deviceType"": ""MOBILE"", ""number"": ""1234567890""}]}, ""id"": ""2""}]}",itinerary
"Book a flight from SYD to CDG departing on 2025-02-23 and returning on 2025-05-05. Travelers: John Doe, John Doe. Contact email: john.doe@example.com. Phone: 5555555555.","{""originLocationCode"": ""SYD"", ""destinationLocationCode"": ""CDG"", ""departureDate"": ""2025-02-23"", ""returnDate"": ""2025-05-05"", ""adults"": 2, ""max"": 5, ""travelers_details"": [{""dateOfBirth"": ""2025-12-09"", ""name"": {""firstName"": ""John"", ""lastName"": ""Doe""}, ""gender"": ""FEMALE"", ""contact"": {""emailAddress"": ""john.doe@example.com"", ""phones"": [{""deviceType"": ""MOBILE"", ""number"": ""5555555555""}]}, ""id"": ""1""}, {""dateOfBirth"": ""2025-12-09"", ""name"": {""firstName"": ""John"", ""lastName"": ""Doe""}, ""gender"": ""FEMALE"", ""contact"": {""emailAddress"": ""john.doe@example.com"", ""phones"": [{""deviceType"": ""MOBILE"", ""number"": ""5555555555""}]}, ""id"": ""2""}]}",flight
"Book a hotel from DEL to CDG departing on 2025-01-03 and returning on 2025-09-07. Travelers: John Doe, John Doe. Contact email: john.doe@example.com. Phone: 1234567890.","{""originLocationCode"": ""DEL"", ""destinationLocationCode"": ""CDG"", ""departureDate"": ""2025-01-03"", ""returnDate"": ""2025-09-07"", ""adults"": 2, ""max"": 5, ""travelers_details"": [{""dateOfBirth"": ""2025-09-09"", ""name"": {""firstName"": ""John"", ""lastName"": ""Doe""}, ""gender"": ""MALE"", ""contact"": {""emailAddress"": ""john.doe@example.com"", ""phones"": [{""deviceType"": ""MOBILE"", ""number"": ""1234567890""}]}, ""id"": ""1""}, {""dateOfBirth"": ""2025-09-09"", ""name"": {""firstName"": ""John"", ""lastName"": ""Doe""}, ""gender"": ""MALE"", ""contact"": {""emailAddress"": ""john.doe@example.com"", ""phones"": [{""deviceType"": ""MOBILE"", ""number"": ""1234567890""}]}, ""id"": ""2""}]}",hotel
Book a trip from LAX to CDG departing on 2025-02-17 and returning on 2025-08-08. Travelers: John Doe. Contact email: emily.johnson@example.com. Phone: 1234567890.,"{""originLocationCode"": ""LAX"", ""destinationLocationCode"": ""CDG"", ""departureDate"": ""2025-02-17"", ""returnDate"": ""2025-08-08"", ""adults"": 1, ""max"": 5, ""travelers_details"": [{""dateOfBirth"": ""2025-06-14"", ""name"": {""firstName"": ""John"", ""lastName"": ""Doe""}, ""gender"": ""FEMALE"", ""contact"": {""emailAddress"": ""emily.johnson@example.com"", ""phones"": [{""deviceType"": ""MOBILE"", ""number"": ""1234567890""}]}, ""id"": ""1""}]}",trip
Book a hotel from LAX to DPS departing on 2025-01-03 and returning on 2025-09-04. Travelers: Emily Johnson. Contact email: john.doe@example.com. Phone: 1234567890.,"{""originLocationCode"": ""LAX"", ""destinationLocationCode"": ""DPS"", ""departureDate"": ""2025-01-03"", ""returnDate"": ""2025-09-04"", ""adults"": 1, ""max"": 5, ""travelers_details"": [{""dateOfBirth"": ""2025-12-09"", ""name"": {""firstName"": ""Emily"", ""lastName"": ""Johnson""}, ""gender"": ""MALE"", ""contact"": {""emailAddress"": ""john.doe@example.com"", ""phones"": [{""deviceType"": ""MOBILE"", ""number"": ""1234567890""}]}, ""id"": ""1""}]}",hotel
"Book a trip from SYD to PAR departing on 2025-04-23 and returning on 2025-11-17. Travelers: Anjali Sharma, Anjali Sharma. Contact email: emily.johnson@example.com. Phone: 1234567890.","{""originLocationCode"": ""SYD"", ""destinationLocationCode"": ""PAR"", ""departureDate"": ""2025-04-23"", ""returnDate"": ""2025-11-17"", ""adults"": 2, ""max"": 5, ""travelers_details"": [{""dateOfBirth"": ""2025-10-26"", ""name"": {""firstName"": ""Anjali"", ""lastName"": ""Sharma""}, ""gender"": ""MALE"", ""contact"": {""emailAddress"": ""emily.johnson@example.com"", ""phones"": [{""deviceType"": ""MOBILE"", ""number"": ""1234567890""}]}, ""id"": ""1""}, {""dateOfBirth"": ""2025-10-26"", ""name"": {""firstName"": ""Anjali"", ""lastName"": ""Sharma""}, ""gender"": ""MALE"", ""contact"": {""emailAddress"": ""emily.johnson@example.com"", ""phones"": [{""deviceType"": ""MOBILE"", ""number"": ""1234567890""}]}, ""id"": ""2""}]}",trip
"Book a itinerary from SFO to SIN departing on 2025-01-24 and returning on 2025-04-03. Travelers: Emily Johnson, Emily Johnson, Emily Johnson. Contact email: emily.johnson@example.com. Phone: 1234567890.","{""originLocationCode"": ""SFO"", ""destinationLocationCode"": ""SIN"", ""departureDate"": ""2025-01-24"", ""returnDate"": ""2025-04-03"", ""adults"": 3, ""max"": 5, ""travelers_details"": [{""dateOfBirth"": ""2025-05-21"", ""name"": {""firstName"": ""Emily"", ""lastName"": ""Johnson""}, ""gender"": ""FEMALE"", ""contact"": {""emailAddress"": ""emily.johnson@example.com"", ""phones"": [{""deviceType"": ""MOBILE"", ""number"": ""1234567890""}]}, ""id"": ""1""}, {""dateOfBirth"": ""2025-05-21"", ""name"": {""firstName"": ""Emily"", ""lastName"": ""Johnson""}, ""gender"": ""FEMALE"", ""contact"": {""emailAddress"": ""emily.johnson@example.com"", ""phones"": [{""deviceType"": ""MOBILE"", ""number"": ""1234567890""}]}, ""id"": ""2""}, {""dateOfBirth"": ""2025-05-21"", ""name"": {""firstName"": ""Emily"", ""lastName"": ""Johnson""}, ""gender"": ""FEMALE"", ""contact"": {""emailAddress"": ""emily.johnson@example.com"", ""phones"": [{""deviceType"": ""MOBILE"", ""number"": ""1234567890""}]}, ""id"": ""3""}]}",itinerary
"Book a hotel from DEL to NRT departing on 2025-04-09 and returning on 2025-07-13. Travelers: Jane Smith, Jane Smith, Jane Smith. Contact email: john.doe@example.com. Phone: 1234567890.","{""originLocationCode"": ""DEL"", ""destinationLocationCode"": ""NRT"", ""departureDate"": ""2025-04-09"", ""returnDate"": ""2025-07-13"", ""adults"": 3, ""max"": 5, ""travelers_details"": [{""dateOfBirth"": ""2025-07-18"", ""name"": {""firstName"": ""Jane"", ""lastName"": ""Smith""}, ""gender"": ""FEMALE"", ""contact"": {""emailAddress"": ""john.doe@example.com"", ""phones"": [{""deviceType"": ""MOBILE"", ""number"": ""1234567890""}]}, ""id"": ""1""}, {""dateOfBirth"": ""2025-07-18"", ""name"": {""firstName"": ""Jane"", ""lastName"": ""Smith""}, ""gender"": ""FEMALE"", ""contact"": {""emailAddress"": ""john.doe@example.com"", ""phones"": [{""deviceType"": ""MOBILE"", ""number"": ""1234567890""}]}, ""id"": ""2""}, {""dateOfBirth"": ""2025-07-18"", ""name"": {""firstName"": ""Jane"", ""lastName"": ""Smith""}, ""gender"": ""FEMALE"", ""contact"": {""emailAddress"": ""john.doe@example.com"", ""phones"": [{""deviceType"": ""MOBILE"", ""number"": ""1234567890""}]}, ""id"": ""3""}]}",hotel
Book a itinerary from SYD to DPS departing on 2025-07-06 and returning on 2025-10-03. Travelers: Michael Brown. Contact email: jane.smith@example.com. Phone: 1234567890.,"{""originLocationCode"": ""SYD"", ""destinationLocationCode"": ""DPS"", ""departureDate"": ""2025-07-06"", ""returnDate"": ""2025-10-03"", ""adults"": 1, ""max"": 5, ""travelers_details"": [{""dateOfBirth"": ""2025-06-03"", ""name"": {""firstName"": ""Michael"", ""lastName"": ""Brown""}, ""gender"": ""MALE"", ""contact"": {""emailAddress"": ""jane.smith@example.com"", ""phones"": [{""deviceType"": ""MOBILE"", ""number"": ""1234567890""}]}, ""id"": ""1""}]}",itinerary
"Book a itinerary from DEL to LHR departing on 2025-02-13 and returning on 2025-08-06. Travelers: Michael Brown, Michael Brown. Contact email: emily.johnson@example.com. Phone: 9876543210.","{""originLocationCode"": ""DEL"", ""destinationLocationCode"": ""LHR"", ""departureDate"": ""2025-02-13"", ""returnDate"": ""2025-08-06"", ""adults"": 2, ""max"": 5, ""travelers_details"": [{""dateOfBirth"": ""2025-03-12"", ""name"": {""firstName"": ""Michael"", ""lastName"": ""Brown""}, ""gender"": ""FEMALE"", ""contact"": {""emailAddress"": ""emily.johnson@example.com"", ""phones"": [{""deviceType"": ""MOBILE"", ""number"": ""9876543210""}]}, ""id"": ""1""}, {""dateOfBirth"": ""2025-03-12"", ""name"": {""firstName"": ""Michael"", ""lastName"": ""Brown""}, ""gender"": ""FEMALE"", ""contact"": {""emailAddress"": ""emily.johnson@example.com"", ""phones"": [{""deviceType"": ""MOBILE"", ""number"": ""9876543210""}]}, ""id"": ""2""}]}",itinerary
Book a hotel from DEL to HND departing on 2025-10-06 and returning on 2025-12-20. Travelers: Jane Smith. Contact email: john.doe@example.com. Phone: 1234567890.,"{""originLocationCode"": ""DEL"", ""destinationLocationCode"": ""HND"", ""departureDate"": ""2025-10-06"", ""returnDate"": ""2025-12-20"", ""adults"": 1, ""max"": 5, ""travelers_details"": [{""dateOfBirth"": ""2025-10-11"", ""name"": {""firstName"": ""Jane"", ""lastName"": ""Smith""}, ""gender"": ""MALE"", ""contact"": {""emailAddress"": ""john.doe@example.com"", ""phones"": [{""deviceType"": ""MOBILE"", ""number"": ""1234567890""}]}, ""id"": ""1""}]}",hotel
"Book a flight from SYD to CDG departing on 2025-02-05 and returning on 2025-07-21. Travelers: Jane Smith, Jane Smith, Jane Smith. Contact email: jane.smith@example.com. Phone: 1234567890.","{""originLocationCode"": ""SYD"", ""destinationLocationCode"": ""CDG"", ""departureDate"": ""2025-02-05"", ""returnDate"": ""2025-07-21"", ""adults"": 3, ""max"": 5, ""travelers_details"": [{""dateOfBirth"": ""2025-06-12"", ""name"": {""firstName"": ""Jane"", ""lastName"": ""Smith""}, ""gender"": ""MALE"", ""contact"": {""emailAddress"": ""jane.smith@example.com"", ""phones"": [{""deviceType"": ""MOBILE"", ""number"": ""1234567890""}]}, ""id"": ""1""}, {""dateOfBirth"": ""2025-06-12"", ""name"": {""firstName"": ""Jane"", ""lastName"": ""Smith""}, ""gender"": ""MALE"", ""contact"": {""emailAddress"": ""jane.smith@example.com"", ""phones"": [{""deviceType"": ""MOBILE"", ""number"": ""1234567890""}]}, ""id"": ""2""}, {""dateOfBirth"": ""2025-06-12"", ""name"": {""firstName"": ""Jane"", ""lastName"": ""Smith""}, ""gender"": ""MALE"", ""contact"": {""emailAddress"": ""jane.smith@example.com"", ""phones"": [{""deviceType"": ""MOBILE"", ""number"": ""1234567890""}]}, ""id"": ""3""}]}",flight
Book a flight from DEL to PAR departing on 2025-04-08 and returning on 2025-04-17. Travelers: Anjali Sharma. Contact email: emily.johnson@example.com. Phone: 1234567890.,"{""originLocationCode"": ""DEL"", ""destinationLocationCode"": ""PAR"", ""departureDate"": ""2025-04-08"", ""returnDate"": ""2025-04-17"", ""adults"": 1, ""max"": 5, ""travelers_details"": [{""dateOfBirth"": ""2025-07-02"", ""name"": {""firstName"": ""Anjali"", ""lastName"": ""Sharma""}, ""gender"": ""MALE"", ""contact"": {""emailAddress"": ""emily.johnson@example.com"", ""phones"": [{""deviceType"": ""MOBILE"", ""number"": ""1234567890""}]}, ""id"": ""1""}]}",flight
"Book a itinerary from LAX to SIN departing on 2025-04-22 and returning on 2025-07-06. Travelers: Emily Johnson, Emily Johnson. Contact email: john.doe@example.com. Phone: 1234567890.","{""originLocationCode"": ""LAX"", ""destinationLocationCode"": ""SIN"", ""departureDate"": ""2025-04-22"", ""returnDate"": ""2025-07-06"", ""adults"": 2, ""max"": 5, ""travelers_details"": [{""dateOfBirth"": ""2025-03-25"", ""name"": {""firstName"": ""Emily"", ""lastName"": ""Johnson""}, ""gender"": ""MALE"", ""contact"": {""emailAddress"": ""john.doe@example.com"", ""phones"": [{""deviceType"": ""MOBILE"", ""number"": ""1234567890""}]}, ""id"": ""1""}, {""dateOfBirth"": ""2025-03-25"", ""name"": {""firstName"": ""Emily"", ""lastName"": ""Johnson""}, ""gender"": ""MALE"", ""contact"": {""emailAddress"": ""john.doe@example.com"", ""phones"": [{""deviceType"": ""MOBILE"", ""number"": ""1234567890""}]}, ""id"": ""2""}]}",itinerary
"Book a itinerary from JFK to LHR departing on 2025-05-25 and returning on 2025-12-24. Travelers: Sarah Lee, Sarah Lee. Contact email: jane.smith@example.com. Phone: 9876543210.","{""originLocationCode"": ""JFK"", ""destinationLocationCode"": ""LHR"", ""departureDate"": ""2025-05-25"", ""returnDate"": ""2025-12-24"", ""adults"": 2, ""max"": 5, ""travelers_details"": [{""dateOfBirth"": ""2025-11-12"", ""name"": {""firstName"": ""Sarah"", ""lastName"": ""Lee""}, ""gender"": ""MALE"", ""contact"": {""emailAddress"": ""jane.smith@example.com"", ""phones"": [{""deviceType"": ""MOBILE"", ""number"": ""9876543210""}]}, ""id"": ""1""}, {""dateOfBirth"": ""2025-11-12"", ""name"": {""firstName"": ""Sarah"", ""lastName"": ""Lee""}, ""gender"": ""MALE"", ""contact"": {""emailAddress"": ""jane.smith@example.com"", ""phones"": [{""deviceType"": ""MOBILE"", ""number"": ""9876543210""}]}, ""id"": ""2""}]}",itinerary
"Book a flight from BOM to HND departing on 2025-02-24 and returning on 2025-09-26. Travelers: Raj Verma, Raj Verma. Contact email: emily.johnson@example.com. Phone: 5555555555.","{""originLocationCode"": ""BOM"", ""destinationLocationCode"": ""HND"", ""departureDate"": ""2025-02-24"", ""returnDate"": ""2025-09-26"", ""adults"": 2, ""max"": 5, ""travelers_details"": [{""dateOfBirth"": ""2025-10-21"", ""name"": {""firstName"": ""Raj"", ""lastName"": ""Verma""}, ""gender"": ""MALE"", ""contact"": {""emailAddress"": ""emily.johnson@example.com"", ""phones"": [{""deviceType"": ""MOBILE"", ""number"": ""5555555555""}]}, ""id"": ""1""}, {""dateOfBirth"": ""2025-10-21"", ""name"": {""firstName"": ""Raj"", ""lastName"": ""Verma""}, ""gender"": ""MALE"", ""contact"": {""emailAddress"": ""emily.johnson@example.com"", ""phones"": [{""deviceType"": ""MOBILE"", ""number"": ""5555555555""}]}, ""id"": ""2""}]}",flight
Book a flight from BLR to CDG departing on 2025-08-09 and returning on 2025-09-25. Travelers: Michael Brown. Contact email: john.doe@example.com. Phone: 1234567890.,"{""originLocationCode"": ""BLR"", ""destinationLocationCode"": ""CDG"", ""departureDate"": ""2025-08-09"", ""returnDate"": ""2025-09-25"", ""adults"": 1, ""max"": 5, ""travelers_details"": [{""dateOfBirth"": ""2025-02-28"", ""name"": {""firstName"": ""Michael"", ""lastName"": ""Brown""}, ""gender"": ""MALE"", ""contact"": {""emailAddress"": ""john.doe@example.com"", ""phones"": [{""deviceType"": ""MOBILE"", ""number"": ""1234567890""}]}, ""id"": ""1""}]}",flight
"Book a hotel from SYD to NRT departing on 2025-04-17 and returning on 2025-05-15. Travelers: Emily Johnson, Emily Johnson, Emily Johnson. Contact email: jane.smith@example.com. Phone: 5555555555.","{""originLocationCode"": ""SYD"", ""destinationLocationCode"": ""NRT"", ""departureDate"": ""2025-04-17"", ""returnDate"": ""2025-05-15"", ""adults"": 3, ""max"": 5, ""travelers_details"": [{""dateOfBirth"": ""2025-11-02"", ""name"": {""firstName"": ""Emily"", ""lastName"": ""Johnson""}, ""gender"": ""MALE"", ""contact"": {""emailAddress"": ""jane.smith@example.com"", ""phones"": [{""deviceType"": ""MOBILE"", ""number"": ""5555555555""}]}, ""id"": ""1""}, {""dateOfBirth"": ""2025-11-02"", ""name"": {""firstName"": ""Emily"", ""lastName"": ""Johnson""}, ""gender"": ""MALE"", ""contact"": {""emailAddress"": ""jane.smith@example.com"", ""phones"": [{""deviceType"": ""MOBILE"", ""number"": ""5555555555""}]}, ""id"": ""2""}, {""dateOfBirth"": ""2025-11-02"", ""name"": {""firstName"": ""Emily"", ""lastName"": ""Johnson""}, ""gender"": ""MALE"", ""contact"": {""emailAddress"": ""jane.smith@example.com"", ""phones"": [{""deviceType"": ""MOBILE"", ""number"": ""5555555555""}]}, ""id"": ""3""}]}",hotel
"Book a trip from DEL to CDG departing on 2025-01-23 and returning on 2025-09-01. Travelers: John Doe, John Doe. Contact email: john.doe@example.com. Phone: 9876543210.","{""originLocationCode"": ""DEL"", ""destinationLocationCode"": ""CDG"", ""departureDate"": ""2025-01-23"", ""returnDate"": ""2025-09-01"", ""adults"": 2, ""max"": 5, ""travelers_details"": [{""dateOfBirth"": ""2025-04-01"", ""name"": {""firstName"": ""John"", ""lastName"": ""Doe""}, ""gender"": ""MALE"", ""contact"": {""emailAddress"": ""john.doe@example.com"", ""phones"": [{""deviceType"": ""MOBILE"", ""number"": ""9876543210""}]}, ""id"": ""1""}, {""dateOfBirth"": ""2025-04-01"", ""name"": {""firstName"": ""John"", ""lastName"": ""Doe""}, ""gender"": ""MALE"", ""contact"": {""emailAddress"": ""john.doe@example.com"", ""phones"": [{""deviceType"": ""MOBILE"", ""number"": ""9876543210""}]}, ""id"": ""2""}]}",trip
Book a trip from LAX to LHR departing on 2025-11-05 and returning on 2025-12-10. Travelers: Anjali Sharma. Contact email: jane.smith@example.com. Phone: 9876543210.,"{""originLocationCode"": ""LAX"", ""destinationLocationCode"": ""LHR"", ""departureDate"": ""2025-11-05"", ""returnDate"": ""2025-12-10"", ""adults"": 1, ""max"": 5, ""travelers_details"": [{""dateOfBirth"": ""2025-12-05"", ""name"": {""firstName"": ""Anjali"", ""lastName"": ""Sharma""}, ""gender"": ""FEMALE"", ""contact"": {""emailAddress"": ""jane.smith@example.com"", ""phones"": [{""deviceType"": ""MOBILE"", ""number"": ""9876543210""}]}, ""id"": ""1""}]}",trip
Book a trip from DEL to NRT departing on 2025-08-26 and returning on 2025-10-25. Travelers: Anjali Sharma. Contact email: jane.smith@example.com. Phone: 9876543210.,"{""originLocationCode"": ""DEL"", ""destinationLocationCode"": ""NRT"", ""departureDate"": ""2025-08-26"", ""returnDate"": ""2025-10-25"", ""adults"": 1, ""max"": 5, ""travelers_details"": [{""dateOfBirth"": ""2025-01-13"", ""name"": {""firstName"": ""Anjali"", ""lastName"": ""Sharma""}, ""gender"": ""MALE"", ""contact"": {""emailAddress"": ""jane.smith@example.com"", ""phones"": [{""deviceType"": ""MOBILE"", ""number"": ""9876543210""}]}, ""id"": ""1""}]}",trip
"Book a trip from LAX to CDG departing on 2025-02-11 and returning on 2025-12-22. Travelers: Sarah Lee, Sarah Lee. Contact email: john.doe@example.com. Phone: 9876543210.","{""originLocationCode"": ""LAX"", ""destinationLocationCode"": ""CDG"", ""departureDate"": ""2025-02-11"", ""returnDate"": ""2025-12-22"", ""adults"": 2, ""max"": 5, ""travelers_details"": [{""dateOfBirth"": ""2025-07-13"", ""name"": {""firstName"": ""Sarah"", ""lastName"": ""Lee""}, ""gender"": ""MALE"", ""contact"": {""emailAddress"": ""john.doe@example.com"", ""phones"": [{""deviceType"": ""MOBILE"", ""number"": ""9876543210""}]}, ""id"": ""1""}, {""dateOfBirth"": ""2025-07-13"", ""name"": {""firstName"": ""Sarah"", ""lastName"": ""Lee""}, ""gender"": ""MALE"", ""contact"": {""emailAddress"": ""john.doe@example.com"", ""phones"": [{""deviceType"": ""MOBILE"", ""number"": ""9876543210""}]}, ""id"": ""2""}]}",trip
Book a itinerary from SYD to CDG departing on 2025-02-03 and returning on 2025-04-26. Travelers: John Doe. Contact email: john.doe@example.com. Phone: 5555555555.,"{""originLocationCode"": ""SYD"", ""destinationLocationCode"": ""CDG"", ""departureDate"": ""2025-02-03"", ""returnDate"": ""2025-04-26"", ""adults"": 1, ""max"": 5, ""travelers_details"": [{""dateOfBirth"": ""2025-03-09"", ""name"": {""firstName"": ""John"", ""lastName"": ""Doe""}, ""gender"": ""FEMALE"", ""contact"": {""emailAddress"": ""john.doe@example.com"", ""phones"": [{""deviceType"": ""MOBILE"", ""number"": ""5555555555""}]}, ""id"": ""1""}]}",itinerary
Book a flight from DEL to DPS departing on 2025-10-12 and returning on 2025-11-06. Travelers: Sarah Lee. Contact email: emily.johnson@example.com. Phone: 5555555555.,"{""originLocationCode"": ""DEL"", ""destinationLocationCode"": ""DPS"", ""departureDate"": ""2025-10-12"", ""returnDate"": ""2025-11-06"", ""adults"": 1, ""max"": 5, ""travelers_details"": [{""dateOfBirth"": ""2025-02-12"", ""name"": {""firstName"": ""Sarah"", ""lastName"": ""Lee""}, ""gender"": ""MALE"", ""contact"": {""emailAddress"": ""emily.johnson@example.com"", ""phones"": [{""deviceType"": ""MOBILE"", ""number"": ""5555555555""}]}, ""id"": ""1""}]}",flight
Book a flight from DEL to LHR departing on 2025-06-22 and returning on 2025-09-27. Travelers: Raj Verma. Contact email: jane.smith@example.com. Phone: 9876543210.,"{""originLocationCode"": ""DEL"", ""destinationLocationCode"": ""LHR"", ""departureDate"": ""2025-06-22"", ""returnDate"": ""2025-09-27"", ""adults"": 1, ""max"": 5, ""travelers_details"": [{""dateOfBirth"": ""2025-07-25"", ""name"": {""firstName"": ""Raj"", ""lastName"": ""Verma""}, ""gender"": ""MALE"", ""contact"": {""emailAddress"": ""jane.smith@example.com"", ""phones"": [{""deviceType"": ""MOBILE"", ""number"": ""9876543210""}]}, ""id"": ""1""}]}",flight
Book a itinerary from SFO to NRT departing on 2025-06-12 and returning on 2025-10-17. Travelers: Emily Johnson. Contact email: emily.johnson@example.com. Phone: 9876543210.,"{""originLocationCode"": ""SFO"", ""destinationLocationCode"": ""NRT"", ""departureDate"": ""2025-06-12"", ""returnDate"": ""2025-10-17"", ""adults"": 1, ""max"": 5, ""travelers_details"": [{""dateOfBirth"": ""2025-04-08"", ""name"": {""firstName"": ""Emily"", ""lastName"": ""Johnson""}, ""gender"": ""MALE"", ""contact"": {""emailAddress"": ""emily.johnson@example.com"", ""phones"": [{""deviceType"": ""MOBILE"", ""number"": ""9876543210""}]}, ""id"": ""1""}]}",itinerary
"Book a itinerary from SFO to LHR departing on 2025-02-10 and returning on 2025-05-23. Travelers: Emily Johnson, Emily Johnson. Contact email: emily.johnson@example.com. Phone: 5555555555.","{""originLocationCode"": ""SFO"", ""destinationLocationCode"": ""LHR"", ""departureDate"": ""2025-02-10"", ""returnDate"": ""2025-05-23"", ""adults"": 2, ""max"": 5, ""travelers_details"": [{""dateOfBirth"": ""2025-08-01"", ""name"": {""firstName"": ""Emily"", ""lastName"": ""Johnson""}, ""gender"": ""MALE"", ""contact"": {""emailAddress"": ""emily.johnson@example.com"", ""phones"": [{""deviceType"": ""MOBILE"", ""number"": ""5555555555""}]}, ""id"": ""1""}, {""dateOfBirth"": ""2025-08-01"", ""name"": {""firstName"": ""Emily"", ""lastName"": ""Johnson""}, ""gender"": ""MALE"", ""contact"": {""emailAddress"": ""emily.johnson@example.com"", ""phones"": [{""deviceType"": ""MOBILE"", ""number"": ""5555555555""}]}, ""id"": ""2""}]}",itinerary
"Book a itinerary from SFO to NRT departing on 2025-01-05 and returning on 2025-11-27. Travelers: Sarah Lee, Sarah Lee. Contact email: emily.johnson@example.com. Phone: 5555555555.","{""originLocationCode"": ""SFO"", ""destinationLocationCode"": ""NRT"", ""departureDate"": ""2025-01-05"", ""returnDate"": ""2025-11-27"", ""adults"": 2, ""max"": 5, ""travelers_details"": [{""dateOfBirth"": ""2025-06-03"", ""name"": {""firstName"": ""Sarah"", ""lastName"": ""Lee""}, ""gender"": ""MALE"", ""contact"": {""emailAddress"": ""emily.johnson@example.com"", ""phones"": [{""deviceType"": ""MOBILE"", ""number"": ""5555555555""}]}, ""id"": ""1""}, {""dateOfBirth"": ""2025-06-03"", ""name"": {""firstName"": ""Sarah"", ""lastName"": ""Lee""}, ""gender"": ""MALE"", ""contact"": {""emailAddress"": ""emily.johnson@example.com"", ""phones"": [{""deviceType"": ""MOBILE"", ""number"": ""5555555555""}]}, ""id"": ""2""}]}",itinerary
Book a hotel from BLR to SIN departing on 2025-04-10 and returning on 2025-05-22. Travelers: Michael Brown. Contact email: john.doe@example.com. Phone: 5555555555.,"{""originLocationCode"": ""BLR"", ""destinationLocationCode"": ""SIN"", ""departureDate"": ""2025-04-10"", ""returnDate"": ""2025-05-22"", ""adults"": 1, ""max"": 5, ""travelers_details"": [{""dateOfBirth"": ""2025-08-17"", ""name"": {""firstName"": ""Michael"", ""lastName"": ""Brown""}, ""gender"": ""FEMALE"", ""contact"": {""emailAddress"": ""john.doe@example.com"", ""phones"": [{""deviceType"": ""MOBILE"", ""number"": ""5555555555""}]}, ""id"": ""1""}]}",hotel
Book a trip from LAX to HND departing on 2025-06-11 and returning on 2025-08-03. Travelers: Jane Smith. Contact email: john.doe@example.com. Phone: 9876543210.,"{""originLocationCode"": ""LAX"", ""destinationLocationCode"": ""HND"", ""departureDate"": ""2025-06-11"", ""returnDate"": ""2025-08-03"", ""adults"": 1, ""max"": 5, ""travelers_details"": [{""dateOfBirth"": ""2025-06-02"", ""name"": {""firstName"": ""Jane"", ""lastName"": ""Smith""}, ""gender"": ""MALE"", ""contact"": {""emailAddress"": ""john.doe@example.com"", ""phones"": [{""deviceType"": ""MOBILE"", ""number"": ""9876543210""}]}, ""id"": ""1""}]}",trip
"Book a hotel from SYD to SIN departing on 2025-01-02 and returning on 2025-12-08. Travelers: Emily Johnson, Emily Johnson. Contact email: jane.smith@example.com. Phone: 5555555555.","{""originLocationCode"": ""SYD"", ""destinationLocationCode"": ""SIN"", ""departureDate"": ""2025-01-02"", ""returnDate"": ""2025-12-08"", ""adults"": 2, ""max"": 5, ""travelers_details"": [{""dateOfBirth"": ""2025-07-21"", ""name"": {""firstName"": ""Emily"", ""lastName"": ""Johnson""}, ""gender"": ""MALE"", ""contact"": {""emailAddress"": ""jane.smith@example.com"", ""phones"": [{""deviceType"": ""MOBILE"", ""number"": ""5555555555""}]}, ""id"": ""1""}, {""dateOfBirth"": ""2025-07-21"", ""name"": {""firstName"": ""Emily"", ""lastName"": ""Johnson""}, ""gender"": ""MALE"", ""contact"": {""emailAddress"": ""jane.smith@example.com"", ""phones"": [{""deviceType"": ""MOBILE"", ""number"": ""5555555555""}]}, ""id"": ""2""}]}",hotel
Book a trip from LAX to DPS departing on 2025-07-23 and returning on 2025-10-06. Travelers: Sarah Lee. Contact email: emily.johnson@example.com. Phone: 9876543210.,"{""originLocationCode"": ""LAX"", ""destinationLocationCode"": ""DPS"", ""departureDate"": ""2025-07-23"", ""returnDate"": ""2025-10-06"", ""adults"": 1, ""max"": 5, ""travelers_details"": [{""dateOfBirth"": ""2025-11-08"", ""name"": {""firstName"": ""Sarah"", ""lastName"": ""Lee""}, ""gender"": ""FEMALE"", ""contact"": {""emailAddress"": ""emily.johnson@example.com"", ""phones"": [{""deviceType"": ""MOBILE"", ""number"": ""9876543210""}]}, ""id"": ""1""}]}",trip
"Book a trip from DEL to DPS departing on 2025-06-11 and returning on 2025-08-15. Travelers: Raj Verma, Raj Verma, Raj Verma. Contact email: jane.smith@example.com. Phone: 1234567890.","{""originLocationCode"": ""DEL"", ""destinationLocationCode"": ""DPS"", ""departureDate"": ""2025-06-11"", ""returnDate"": ""2025-08-15"", ""adults"": 3, ""max"": 5, ""travelers_details"": [{""dateOfBirth"": ""2025-09-08"", ""name"": {""firstName"": ""Raj"", ""lastName"": ""Verma""}, ""gender"": ""MALE"", ""contact"": {""emailAddress"": ""jane.smith@example.com"", ""phones"": [{""deviceType"": ""MOBILE"", ""number"": ""1234567890""}]}, ""id"": ""1""}, {""dateOfBirth"": ""2025-09-08"", ""name"": {""firstName"": ""Raj"", ""lastName"": ""Verma""}, ""gender"": ""MALE"", ""contact"": {""emailAddress"": ""jane.smith@example.com"", ""phones"": [{""deviceType"": ""MOBILE"", ""number"": ""1234567890""}]}, ""id"": ""2""}, {""dateOfBirth"": ""2025-09-08"", ""name"": {""firstName"": ""Raj"", ""lastName"": ""Verma""}, ""gender"": ""MALE"", ""contact"": {""emailAddress"": ""jane.smith@example.com"", ""phones"": [{""deviceType"": ""MOBILE"", ""number"": ""1234567890""}]}, ""id"": ""3""}]}",trip
"Book a trip from BLR to LHR departing on 2025-08-21 and returning on 2025-10-07. Travelers: Emily Johnson, Emily Johnson. Contact email: emily.johnson@example.com. Phone: 5555555555.","{""originLocationCode"": ""BLR"", ""destinationLocationCode"": ""LHR"", ""departureDate"": ""2025-08-21"", ""returnDate"": ""2025-10-07"", ""adults"": 2, ""max"": 5, ""travelers_details"": [{""dateOfBirth"": ""2025-02-16"", ""name"": {""firstName"": ""Emily"", ""lastName"": ""Johnson""}, ""gender"": ""FEMALE"", ""contact"": {""emailAddress"": ""emily.johnson@example.com"", ""phones"": [{""deviceType"": ""MOBILE"", ""number"": ""5555555555""}]}, ""id"": ""1""}, {""dateOfBirth"": ""2025-02-16"", ""name"": {""firstName"": ""Emily"", ""lastName"": ""Johnson""}, ""gender"": ""FEMALE"", ""contact"": {""emailAddress"": ""emily.johnson@example.com"", ""phones"": [{""deviceType"": ""MOBILE"", ""number"": ""5555555555""}]}, ""id"": ""2""}]}",trip
Book a trip from DEL to SIN departing on 2025-07-15 and returning on 2025-08-03. Travelers: Michael Brown. Contact email: emily.johnson@example.com. Phone: 9876543210.,"{""originLocationCode"": ""DEL"", ""destinationLocationCode"": ""SIN"", ""departureDate"": ""2025-07-15"", ""returnDate"": ""2025-08-03"", ""adults"": 1, ""max"": 5, ""travelers_details"": [{""dateOfBirth"": ""2025-08-28"", ""name"": {""firstName"": ""Michael"", ""lastName"": ""Brown""}, ""gender"": ""MALE"", ""contact"": {""emailAddress"": ""emily.johnson@example.com"", ""phones"": [{""deviceType"": ""MOBILE"", ""number"": ""9876543210""}]}, ""id"": ""1""}]}",trip
Book a trip from SYD to DPS departing on 2025-03-21 and returning on 2025-08-01. Travelers: Michael Brown. Contact email: jane.smith@example.com. Phone: 9876543210.,"{""originLocationCode"": ""SYD"", ""destinationLocationCode"": ""DPS"", ""departureDate"": ""2025-03-21"", ""returnDate"": ""2025-08-01"", ""adults"": 1, ""max"": 5, ""travelers_details"": [{""dateOfBirth"": ""2025-04-23"", ""name"": {""firstName"": ""Michael"", ""lastName"": ""Brown""}, ""gender"": ""FEMALE"", ""contact"": {""emailAddress"": ""jane.smith@example.com"", ""phones"": [{""deviceType"": ""MOBILE"", ""number"": ""9876543210""}]}, ""id"": ""1""}]}",trip
Book a trip from SFO to CDG departing on 2025-11-19 and returning on 2025-12-19. Travelers: Anjali Sharma. Contact email: john.doe@example.com. Phone: 5555555555.,"{""originLocationCode"": ""SFO"", ""destinationLocationCode"": ""CDG"", ""departureDate"": ""2025-11-19"", ""returnDate"": ""2025-12-19"", ""adults"": 1, ""max"": 5, ""travelers_details"": [{""dateOfBirth"": ""2025-07-23"", ""name"": {""firstName"": ""Anjali"", ""lastName"": ""Sharma""}, ""gender"": ""MALE"", ""contact"": {""emailAddress"": ""john.doe@example.com"", ""phones"": [{""deviceType"": ""MOBILE"", ""number"": ""5555555555""}]}, ""id"": ""1""}]}",trip
Book a itinerary from DEL to NRT departing on 2025-08-09 and returning on 2025-09-25. Travelers: Jane Smith. Contact email: john.doe@example.com. Phone: 9876543210.,"{""originLocationCode"": ""DEL"", ""destinationLocationCode"": ""NRT"", ""departureDate"": ""2025-08-09"", ""returnDate"": ""2025-09-25"", ""adults"": 1, ""max"": 5, ""travelers_details"": [{""dateOfBirth"": ""2025-09-22"", ""name"": {""firstName"": ""Jane"", ""lastName"": ""Smith""}, ""gender"": ""FEMALE"", ""contact"": {""emailAddress"": ""john.doe@example.com"", ""phones"": [{""deviceType"": ""MOBILE"", ""number"": ""9876543210""}]}, ""id"": ""1""}]}",itinerary
"Book a trip from JFK to HND departing on 2025-05-01 and returning on 2025-09-16. Travelers: Emily Johnson, Emily Johnson. Contact email: emily.johnson@example.com. Phone: 5555555555.","{""originLocationCode"": ""JFK"", ""destinationLocationCode"": ""HND"", ""departureDate"": ""2025-05-01"", ""returnDate"": ""2025-09-16"", ""adults"": 2, ""max"": 5, ""travelers_details"": [{""dateOfBirth"": ""2025-09-05"", ""name"": {""firstName"": ""Emily"", ""lastName"": ""Johnson""}, ""gender"": ""MALE"", ""contact"": {""emailAddress"": ""emily.johnson@example.com"", ""phones"": [{""deviceType"": ""MOBILE"", ""number"": ""5555555555""}]}, ""id"": ""1""}, {""dateOfBirth"": ""2025-09-05"", ""name"": {""firstName"": ""Emily"", ""lastName"": ""Johnson""}, ""gender"": ""MALE"", ""contact"": {""emailAddress"": ""emily.johnson@example.com"", ""phones"": [{""deviceType"": ""MOBILE"", ""number"": ""5555555555""}]}, ""id"": ""2""}]}",trip
Book a hotel from BOM to NRT departing on 2025-04-26 and returning on 2025-10-15. Travelers: Emily Johnson. Contact email: jane.smith@example.com. Phone: 5555555555.,"{""originLocationCode"": ""BOM"", ""destinationLocationCode"": ""NRT"", ""departureDate"": ""2025-04-26"", ""returnDate"": ""2025-10-15"", ""adults"": 1, ""max"": 5, ""travelers_details"": [{""dateOfBirth"": ""2025-09-11"", ""name"": {""firstName"": ""Emily"", ""lastName"": ""Johnson""}, ""gender"": ""MALE"", ""contact"": {""emailAddress"": ""jane.smith@example.com"", ""phones"": [{""deviceType"": ""MOBILE"", ""number"": ""5555555555""}]}, ""id"": ""1""}]}",hotel
